date,sp500,strategy,sp500Return,strategyReturn,holding,rebalanced
2021-05-10,99.698612,100.000000,0.0000000000,0.0000000000,AAPL,0
2021-05-11,99.167821,100.508560,-0.0053239595,0.0050856047,AAPL,0
2021-05-12,98.421084,100.956241,-0.0075300348,0.0044541532,AAPL,0
2021-05-13,97.477315,101.286691,-0.0095890890,0.0032731991,AAPL,0
2021-05-14,96.402151,102.005495,-0.0110298866,0.0070967256,AAPL,0
2021-05-17,95.210312,102.612947,-0.0123632044,0.0059550914,AAPL,0
2021-05-18,93.958582,103.003222,-0.0131469949,0.0038033684,AAPL,0
2021-05-19,92.713342,103.096185,-0.0132530804,0.0009025261,AAPL,0
2021-05-20,93.037491,102.565883,0.0034962554,-0.0051437585,AAPL,0
2021-05-21,93.445027,102.582563,0.0043803396,0.0001626289,AAPL,0
2021-05-24,93.691311,102.733706,0.0026355971,0.0014733809,AAPL,0
2021-05-25,96.786617,102.417127,0.0330372838,-0.0030815543,AAPL,0
2021-05-26,97.227739,102.002293,0.0045576738,-0.0040504349,AAPL,0
2021-05-27,97.615465,102.729637,0.0039878113,0.0071306609,AAPL,0
2021-05-28,99.392868,101.293915,0.0182082153,-0.0139757262,AAPL,0
2021-05-31,100.725476,99.945653,0.0134074833,-0.0133103947,AAPL,0
2021-06-01,103.509761,98.582337,0.0276423054,-0.0136405768,AAPL,0
2021-06-02,105.870418,97.188825,0.0228061352,-0.0141355147,AAPL,0
2021-06-03,105.930070,96.430604,0.0005634390,-0.0078015215,AAPL,0
2021-06-04,105.573929,96.014129,-0.0033620332,-0.0043189119,AAPL,0
2021-06-07,104.572772,95.451064,-0.0094830001,-0.0058643912,AAPL,0
2021-06-08,103.875119,94.778190,-0.0066714579,-0.0070494198,AAPL,0
2021-06-09,103.461105,93.990616,-0.0039856890,-0.0083096567,AAPL,0
2021-06-10,103.451158,93.193991,-0.0000961447,-0.0084755808,AAPL,0
2021-06-11,103.892040,91.482449,0.0042617473,-0.0183653601,AAPL,0
2021-06-14,104.809223,89.592203,0.0088282278,-0.0206623895,AAPL,0
2021-06-15,106.235338,87.610285,0.0136067679,-0.0221215515,AAPL,0
2021-06-16,108.090520,85.642133,0.0174629496,-0.0224648480,AAPL,0
2021-06-17,110.475797,85.247671,0.0220673968,-0.0046059310,AAPL,0
2021-06-18,113.446775,85.113927,0.0268925753,-0.0015688899,AAPL,0
2021-06-21,112.763327,88.500420,-0.0060243962,0.0397877693,AAPL,0
2021-06-22,112.341928,93.006938,-0.0037370173,0.0509208637,AAPL,0
2021-06-23,112.167903,96.921791,-0.0015490704,0.0420920448,AAPL,0
2021-06-24,112.184092,100.163375,0.0001443260,0.0334453641,AAPL,0
2021-06-25,110.760479,101.766174,-0.0126899645,0.0160018482,AAPL,0
2021-06-28,109.485197,103.110496,-0.0115138762,0.0132099075,AAPL,0
2021-06-29,108.370482,104.110358,-0.0101814198,0.0096969955,AAPL,0
2021-06-30,107.477649,104.631584,-0.0082387141,0.0050064800,AAPL,0
2021-07-01,106.294898,104.557429,-0.0110046183,-0.0007087270,AAPL,0
2021-07-02,104.989863,104.827499,-0.0122774958,0.0025829799,AAPL,0
2021-07-05,104.786288,104.409735,-0.0019390027,-0.0039852501,AAPL,0
2021-07-06,105.017688,104.709145,0.0022083095,0.0028676390,AAPL,0
2021-07-07,104.116578,103.254147,-0.0085805521,-0.0138956104,AAPL,0
2021-07-08,103.533505,102.340142,-0.0056001984,-0.0088519953,AAPL,0
2021-07-09,102.269717,102.142064,-0.0122065609,-0.0019354859,AAPL,0
2021-07-12,101.193571,102.303964,-0.0105226292,0.0015850468,AAPL,0
2021-07-13,99.850996,101.676983,-0.0132673890,-0.0061286091,AAPL,0
2021-07-14,98.542451,101.230417,-0.0131049811,-0.0043920079,AAPL,0
2021-07-15,102.501146,104.971046,0.0401724828,0.0369516329,AAPL,0
2021-07-16,102.837141,109.557773,0.0032779659,0.0436951628,AAPL,0
2021-07-19,101.727011,109.304725,-0.0107950263,-0.0023097223,AAPL,0
2021-07-20,100.819404,108.951283,-0.0089219874,-0.0032335497,AAPL,0
2021-07-21,99.501944,108.817118,-0.0130675216,-0.0012314225,AAPL,0
2021-07-22,98.288663,108.642068,-0.0121935405,-0.0016086615,AAPL,0
2021-07-23,97.017949,108.539482,-0.0129283894,-0.0009442543,AAPL,0
2021-07-26,95.729248,108.691465,-0.0132831236,0.0014002529,AAPL,0
2021-07-27,94.784325,107.960854,-0.0098707829,-0.0067218787,AAPL,0
2021-07-28,93.667319,107.578156,-0.0117847104,-0.0035447826,AAPL,0
2021-07-29,94.021081,108.623842,0.0037767872,0.0097202438,AAPL,0
2021-07-30,94.440821,108.814064,0.0044643238,0.0017512040,AAPL,0
2021-08-02,94.848566,110.406264,0.0043174608,0.0146322933,AAPL,0
2021-08-03,95.180479,112.758322,0.0034993970,0.0213036640,AAPL,0
2021-08-04,95.388178,116.141864,0.0021821649,0.0300070285,AAPL,0
2021-08-05,95.432125,118.500102,0.0004607192,0.0203048091,AAPL,0
2021-08-06,95.612334,117.147133,0.0018883393,-0.0114174501,AAPL,0
2021-08-09,95.964202,116.226469,0.0036801552,-0.0078590433,AAPL,0
2021-08-10,96.390471,115.775725,0.0044419628,-0.0038781549,AAPL,0
2021-08-11,96.834222,115.854085,0.0046036774,0.0006768312,AAPL,0
2021-08-12,98.455420,113.324444,0.0167419929,-0.0218347191,AAPL,0
2021-08-13,100.560820,110.935955,0.0213842992,-0.0210765575,AAPL,0
2021-08-16,101.906174,108.523645,0.0133785154,-0.0217450628,AAPL,0
2021-08-17,102.876092,106.273442,0.0095177509,-0.0207346871,AAPL,0
2021-08-18,103.374336,104.281805,0.0048431490,-0.0187406777,AAPL,0
2021-08-19,103.427411,102.611112,0.0005134272,-0.0160209439,AAPL,0
2021-08-20,103.068311,101.899146,-0.0034720063,-0.0069384868,AAPL,0
2021-08-23,102.420839,101.268916,-0.0062819663,-0.0061848402,AAPL,0
2021-08-24,101.488109,100.731201,-0.0091068380,-0.0053097740,AAPL,0
2021-08-25,100.343086,100.325699,-0.0112823413,-0.0040255867,AAPL,0
2021-08-26,99.074610,100.388130,-0.0126413867,0.0006222832,AAPL,0
2021-08-27,97.761030,100.674811,-0.0132584936,0.0028557211,AAPL,0
2021-08-30,96.929343,101.240025,-0.0085073475,0.0056142590,AAPL,0
2021-08-31,95.918338,101.900264,-0.0104303264,0.0065215198,AAPL,0
2021-09-01,95.487859,105.556626,-0.0044879701,0.0358817722,AAPL,0
2021-09-02,94.839498,110.227895,-0.0067899884,0.0442536809,AAPL,0
2021-09-03,93.578389,110.917951,-0.0132972937,0.0062602610,AAPL,0
2021-09-06,92.356542,111.566235,-0.0130569381,0.0058447220,AAPL,0
2021-09-07,91.251921,113.766861,-0.0119603988,0.0197248388,AAPL,0
2021-09-08,90.071054,116.382003,-0.0129407316,0.0229868511,AAPL,0
2021-09-09,89.363208,115.479436,-0.0078587580,-0.0077552119,AAPL,0
2021-09-10,88.946233,114.157849,-0.0046660713,-0.0114443522,AAPL,0
2021-09-13,89.356932,114.721054,0.0046173873,0.0049335649,AAPL,0
2021-09-14,89.745091,114.474457,0.0043439116,-0.0021495319,AAPL,0
2021-09-15,90.076769,116.741558,0.0036957797,0.0198044251,AAPL,0
2021-09-16,90.475115,118.221643,0.0044222998,0.0126783040,AAPL,0
2021-09-17,93.130644,118.592554,0.0293509315,0.0031374181,AAPL,0
2021-09-20,95.468344,118.449087,0.0251012962,-0.0012097472,AAPL,0
2021-09-21,95.794722,117.418122,0.0034187045,-0.0087038643,AAPL,0
2021-09-22,95.892202,115.987692,0.0010175937,-0.0121823637,AAPL,0
2021-09-23,95.182745,120.663306,-0.0073984883,0.0403112973,AAPL,0
2021-09-24,94.690361,124.027332,-0.0051730334,0.0278794414,AAPL,0
2021-09-27,93.470995,122.631976,-0.0128774009,-0.0112503874,AAPL,0
2021-09-28,92.228174,121.470327,-0.0132963318,-0.0094726479,AAPL,0
2021-09-29,91.326862,119.673810,-0.0097726295,-0.0147897563,AAPL,0
2021-09-30,90.256589,118.081168,-0.0117191549,-0.0133081959,AAPL,0
2021-10-01,89.857313,115.616039,-0.0044237857,-0.0208765584,AAPL,0
2021-10-04,89.222335,113.510840,-0.0070665078,-0.0182085419,AAPL,0
2021-10-05,89.553670,110.824615,0.0037135864,-0.0236649202,AAPL,0
2021-10-06,89.502263,108.315417,-0.0005740427,-0.0226411635,AAPL,0
2021-10-07,89.248307,109.728155,-0.0028374224,0.0130428190,AAPL,0
2021-10-08,89.190250,110.661480,-0.0006505140,0.0085057921,AAPL,0
2021-10-11,90.572346,115.282992,0.0154960527,0.0417626131,AAPL,0
2021-10-12,92.403007,121.209342,0.0202121322,0.0514069717,AAPL,0
2021-10-13,92.963918,124.400281,0.0060702709,0.0263258538,AAPL,0
2021-10-14,93.959216,128.730954,0.0107062829,0.0348124049,AAPL,0
2021-10-15,93.792688,130.141939,-0.0017723447,0.0109607237,AAPL,0
2021-10-18,94.017168,132.412480,0.0023933609,0.0174466514,AAPL,0
2021-10-19,93.221234,134.301944,-0.0084658320,0.0142695364,AAPL,0
2021-10-20,92.719885,137.313237,-0.0053780582,0.0224218101,AAPL,0
2021-10-21,93.132407,137.957686,0.0044491208,0.0046932736,AAPL,0
2021-10-22,93.482014,138.287763,0.0037538703,0.0023925971,AAPL,0
2021-10-25,96.604533,137.566191,0.0334023574,-0.0052179015,AAPL,0
2021-10-26,99.296262,136.005446,0.0278633784,-0.0113454129,AAPL,0
2021-10-27,101.577723,133.785600,0.0229762982,-0.0163217413,AAPL,0
2021-10-28,103.441979,131.112130,0.0183529992,-0.0199832428,AAPL,0
2021-10-29,104.846828,129.750378,0.0135810340,-0.0103861598,AAPL,0
2021-11-01,105.865886,127.908008,0.0097194927,-0.0141993484,AAPL,0
2021-11-02,106.410392,125.745564,0.0051433575,-0.0169062424,AAPL,0
2021-11-03,106.484021,123.471940,0.0006919394,-0.0180811418,AAPL,0
2021-11-04,106.140454,121.034361,-0.0032264714,-0.0197419692,AAPL,0
2021-11-05,105.432557,118.938581,-0.0066694280,-0.0173155830,AAPL,0
2021-11-08,105.298100,121.359822,-0.0012752970,0.0203570698,AAPL,0
2021-11-09,104.933927,122.017241,-0.0034584956,0.0054171065,AAPL,0
2021-11-10,104.329523,122.928308,-0.0057598505,0.0074667068,AAPL,0
2021-11-11,103.497029,123.897155,-0.0079794677,0.0078813994,AAPL,0
2021-11-12,103.941313,127.087493,0.0042927226,0.0257498934,AAPL,0
2021-11-15,104.297552,131.091470,0.0034273091,0.0315056698,AAPL,0
2021-11-16,104.518335,135.964814,0.0021168631,0.0371751470,AAPL,0
2021-11-17,104.558038,142.480617,0.0003798610,0.0479227074,AAPL,0
2021-11-18,104.775206,142.246826,0.0020770135,-0.0016408574,AAPL,0
2021-11-19,105.165760,143.075987,0.0037275346,0.0058290268,AAPL,0
2021-11-22,105.595133,146.827717,0.0040828207,0.0262219451,AAPL,0
2021-11-23,106.077876,152.355842,0.0045716467,0.0376504131,AAPL,0
2021-11-24,106.247305,158.432123,0.0015972143,0.0398821691,AAPL,0
2021-11-25,106.573213,163.637145,0.0030674426,0.0328533221,AAPL,0
2021-11-26,106.867543,164.501444,0.0027617643,0.0052818053,AAPL,0
2021-11-29,110.443971,164.536522,0.0334659874,0.0002132386,AAPL,0
2021-11-30,110.948516,167.106458,0.0045683339,0.0156192443,AAPL,0
2021-12-01,111.395105,168.833161,0.0040251931,0.0103329511,AAPL,0
2021-12-02,113.445782,166.507457,0.0184090435,-0.0137751635,AAPL,0
2021-12-03,115.002521,164.041738,0.0137223190,-0.0148084575,AAPL,0
2021-12-06,113.698039,163.918844,-0.0113430725,-0.0007491611,AAPL,0
2021-12-07,112.267422,163.312844,-0.0125826003,-0.0036969548,AAPL,0
2021-12-08,111.415667,163.899158,-0.0075868417,0.0035901307,AAPL,0
2021-12-09,110.339215,164.185929,-0.0096615895,0.0017496755,AAPL,0
2021-12-10,108.949111,163.311949,-0.0125984587,-0.0053231072,AAPL,0
2021-12-13,107.731546,161.798758,-0.0111755350,-0.0092656503,AAPL,0
2021-12-14,106.306360,162.006271,-0.0132290530,0.0012825350,AAPL,0
2021-12-15,104.897873,161.668417,-0.0132493154,-0.0020854329,AAPL,0
2021-12-16,105.256682,166.788991,0.0034205516,0.0316733058,AAPL,0
2021-12-17,105.505702,173.066149,0.0023658349,0.0376353311,AAPL,0
2021-12-20,104.162892,173.744997,-0.0127273649,0.0039224757,AAPL,0
2021-12-21,102.957211,174.719743,-0.0115749569,0.0056102076,AAPL,0
2021-12-22,101.931878,175.786707,-0.0099588275,0.0061067185,AAPL,0
2021-12-23,101.082997,180.069362,-0.0083279268,0.0243627920,AAPL,0
2021-12-24,99.983345,181.244036,-0.0108787077,0.0065234539,AAPL,0
2021-12-27,98.741073,182.364312,-0.0124247839,0.0061810357,AAPL,0
2021-12-28,97.446367,183.564195,-0.0131121375,0.0065795913,AAPL,0
2021-12-29,96.153307,184.787410,-0.0132694460,0.0066636912,AAPL,0
2021-12-30,96.282022,181.101153,0.0013386373,-0.0199486380,AAPL,0
2021-12-31,96.090340,177.894650,-0.0019908351,-0.0177055907,AAPL,0
2022-01-03,96.518243,174.650169,0.0044531305,-0.0182382120,AAPL,0
2022-01-04,97.400289,171.884092,0.0091386412,-0.0158378178,AAPL,0
2022-01-05,98.657961,169.698010,0.0129124095,-0.0127183464,AAPL,0
2022-01-06,100.400587,168.249804,0.0176633126,-0.0085340236,AAPL,0
2022-01-07,102.647119,165.349328,0.0223756822,-0.0172391012,AAPL,0
2022-01-10,105.429687,163.221222,0.0271080985,-0.0128703665,AAPL,0
2022-01-11,109.006462,162.050483,0.0339256931,-0.0071727125,AAPL,0
2022-01-12,109.272962,161.975938,0.0024448040,-0.0004600119,AAPL,0
2022-01-13,109.696857,166.213425,0.0038792354,0.0261612123,AAPL,0
2022-01-14,110.193464,168.709499,0.0045270789,0.0150172866,AAPL,0
2022-01-17,109.254466,165.585473,-0.0085213600,-0.0185171932,AAPL,0
2022-01-18,108.067202,163.031102,-0.0108669549,-0.0154262971,AAPL,0
2022-01-19,107.783309,159.453652,-0.0026270070,-0.0219433624,AAPL,0
2022-01-20,107.118804,156.134713,-0.0061651959,-0.0208144410,AAPL,0
2022-01-21,107.747471,152.926006,0.0058688750,-0.0205508861,AAPL,0
2022-01-24,107.905385,150.021508,0.0014655974,-0.0189928356,AAPL,0
2022-01-25,109.464463,146.942971,0.0144485693,-0.0205206347,AAPL,0
2022-01-26,110.622808,143.844548,0.0105819248,-0.0210858880,AAPL,0
2022-01-27,113.258813,142.567104,0.0238287605,-0.0088807295,AAPL,0
2022-01-28,115.421743,140.959380,0.0190972419,-0.0112769644,AAPL,0
2022-01-31,115.797839,142.141936,0.0032584424,0.0083893427,AAPL,0
2022-02-01,116.292195,144.519403,0.0042691376,0.0167260053,AAPL,0
2022-02-02,119.620610,143.712993,0.0286211334,-0.0055799383,AAPL,0
2022-02-03,124.315136,143.796598,0.0392451276,0.0005817497,AAPL,0
2022-02-04,126.781439,146.118086,0.0198391194,0.0161442419,AMZN,1
2022-02-07,129.890148,148.742539,0.0245202254,0.0179611817,AMZN,0
2022-02-08,131.238859,156.015019,0.0103834693,0.0488930767,AMZN,0
2022-02-09,133.233750,157.351258,0.0152004615,0.0085648075,AMZN,0
2022-02-10,133.520062,157.758660,0.0021489471,0.0025891271,AMZN,0
2022-02-11,134.292525,158.327044,0.0057853722,0.0036028644,AMZN,0
2022-02-14,133.657552,154.409018,-0.0047282841,-0.0247464044,AMZN,0
2022-02-15,133.530780,150.845925,-0.0009484857,-0.0230756799,AMZN,0
2022-02-16,132.199370,147.218141,-0.0099708068,-0.0240495988,AMZN,0
2022-02-17,131.233085,143.536333,-0.0073093028,-0.0250092050,AMZN,0
2022-02-18,132.888295,142.607865,0.0126127470,-0.0064685212,AMZN,0
2022-02-21,135.077796,141.663936,0.0164762535,-0.0066190515,AMZN,0
2022-02-22,135.527471,140.828379,0.0033290057,-0.0058981607,AMZN,0
2022-02-23,136.591221,139.886152,0.0078489642,-0.0066906059,AMZN,0
2022-02-24,140.883997,142.803238,0.0314279071,0.0208532837,AMZN,0
2022-02-25,141.200395,147.228635,0.0022458022,0.0309894706,AMZN,0
2022-02-28,139.816944,146.967233,-0.0097977858,-0.0017754799,AMZN,0
2022-03-01,138.727168,147.209863,-0.0077943017,0.0016509097,AMZN,0
2022-03-02,136.994286,145.855185,-0.0124912945,-0.0092023599,AMZN,0
2022-03-03,135.459605,145.031963,-0.0112025186,-0.0056441056,AMZN,0
2022-03-04,135.309936,143.867137,-0.0011049001,-0.0080315106,AMZN,0
2022-03-07,135.383502,143.335462,0.0005436834,-0.0036955990,AMZN,0
2022-03-08,134.632196,141.038742,-0.0055494646,-0.0160233868,AMZN,0
2022-03-09,134.192881,139.274831,-0.0032630729,-0.0125065708,AMZN,0
2022-03-10,133.325793,143.526020,-0.0064615053,0.0305237393,AMZN,0
2022-03-11,132.090929,146.949768,-0.0092620000,0.0238545496,AMZN,0
2022-03-14,132.840382,144.659970,0.0056737631,-0.0155821852,AMZN,0
2022-03-15,134.104591,142.762514,0.0095167535,-0.0131166623,AMZN,0
2022-03-16,136.007453,141.252421,0.0141893852,-0.0105776550,AMZN,0
2022-03-17,138.581431,140.291373,0.0189252699,-0.0068037624,AMZN,0
2022-03-18,141.855990,138.051312,0.0236291321,-0.0159672060,AMZN,0
2022-03-21,145.901629,135.508765,0.0285193415,-0.0184174041,AMZN,0
2022-03-22,151.000120,132.721759,0.0349447159,-0.0205669843,AMZN,0
2022-03-23,151.446412,129.821997,0.0029555739,-0.0218484282,AMZN,0
2022-03-24,149.445917,129.731183,-0.0132092598,-0.0006995231,AMZN,0
2022-03-25,147.473164,129.603391,-0.0132004517,-0.0009850560,AMZN,0
2022-03-28,145.565376,129.466357,-0.0129365039,-0.0010573350,AMZN,0
2022-03-29,143.827679,129.439542,-0.0119375737,-0.0002071143,AMZN,0
2022-03-30,142.326062,129.440374,-0.0104403871,0.0000064252,AMZN,0
2022-03-31,141.117063,129.380441,-0.0084945709,-0.0004630118,AMZN,0
2022-04-01,139.658915,131.950372,-0.0103328992,0.0198633593,AMZN,0
2022-04-04,137.970927,134.369335,-0.0120865055,0.0183323716,AMZN,0
2022-04-05,136.167989,136.434218,-0.0130675218,0.0153672189,AMZN,0
2022-04-06,134.357327,138.013738,-0.0132972633,0.0115771561,AMZN,0
2022-04-07,134.585366,137.442781,0.0016972599,-0.0041369577,AMZN,0
2022-04-08,134.976135,143.782461,0.0029034978,0.0461259594,AMZN,0
2022-04-11,135.312516,145.078246,0.0024921568,0.0090121197,AMZN,0
2022-04-12,135.427419,146.286438,0.0008491631,0.0083278632,AMZN,0
2022-04-13,136.026691,147.271473,0.0044250438,0.0067336047,AMZN,0
2022-04-14,136.531785,148.532336,0.0037131978,0.0085614872,AMZN,0
2022-04-15,137.123456,149.109014,0.0043335754,0.0038825085,AMZN,0
2022-04-18,137.756614,149.479431,0.0046174336,0.0024842060,AMZN,0
2022-04-19,137.890355,153.065213,0.0009708507,0.0239884609,AMZN,0
2022-04-20,138.362770,157.126777,0.0034260183,0.0265348639,AMZN,0
2022-04-21,141.839675,161.085213,0.0251289047,0.0251926223,AMZN,0
2022-04-22,145.997865,166.772642,0.0293161228,0.0353069599,AMZN,0
2022-04-25,147.627358,164.284284,0.0111610740,-0.0149206600,AMZN,0
2022-04-26,148.572727,161.723138,0.0064037558,-0.0155897195,AMZN,0
2022-04-27,151.495137,159.972874,0.0196698962,-0.0108225937,AMZN,0
2022-04-28,153.759275,157.857135,0.0149452851,-0.0132256139,AMZN,0
2022-04-29,158.283365,159.092443,0.0294231984,0.0078254814,AMZN,0
2022-05-02,162.141811,160.308654,0.0243768276,0.0076446783,AMZN,0
2022-05-03,162.661596,161.767470,0.0032057427,0.0091000491,AMZN,0
2022-05-04,162.863148,162.993888,0.0012390884,0.0075813596,AMZN,0
2022-05-05,163.614333,164.078992,0.0046123652,0.0066573297,AMZN,0
2022-05-06,164.306938,165.311115,0.0042331583,0.0075093287,AMZN,0
2022-05-09,162.123401,164.998967,-0.0132893801,-0.0018882460,AMZN,0
2022-05-10,160.045320,164.636409,-0.0128178951,-0.0021973324,AMZN,0
2022-05-11,158.147161,164.169065,-0.0118601341,-0.0028386427,AMZN,0
2022-05-12,156.568136,163.554851,-0.0099845272,-0.0037413492,AMZN,0
2022-05-13,155.127909,163.260264,-0.0091987252,-0.0018011558,AMZN,0
2022-05-16,153.466228,162.307225,-0.0107116829,-0.0058375439,AMZN,0
2022-05-17,151.603975,160.663910,-0.0121346084,-0.0101247167,AMZN,0
2022-05-18,149.627242,158.378076,-0.0130387974,-0.0142274278,AMZN,0
2022-05-19,150.793325,157.044072,0.0077932545,-0.0084229044,AMZN,0
2022-05-20,152.673930,155.667918,0.0124714088,-0.0087628561,AMZN,0
2022-05-23,156.063980,157.295919,0.0222045123,0.0104581650,AMZN,0
2022-05-24,158.797896,158.193556,0.0175179143,0.0057066822,AMZN,0
2022-05-25,160.820594,158.216223,0.0127375596,0.0001432873,AMZN,0
2022-05-26,162.115839,157.390888,0.0080539784,-0.0052165008,AMZN,0
2022-05-27,162.810946,163.550956,0.0042877177,0.0391386555,AMZN,0
2022-05-30,162.803131,168.709149,-0.0000480015,0.0315387519,AMZN,0
2022-05-31,162.171609,172.629311,-0.0038790523,0.0232362122,AMZN,0
2022-06-01,160.996246,178.615970,-0.0072476478,0.0346792739,AMZN,0
2022-06-02,161.527949,178.276203,0.0033025788,-0.0019022179,AMZN,0
2022-06-03,162.209034,177.847680,0.0042165147,-0.0024037066,AMZN,0
2022-06-06,160.427597,178.944562,-0.0109823567,0.0061675359,AMZN,0
2022-06-07,159.029790,179.882319,-0.0087130074,0.0052404925,AMZN,0
2022-06-08,156.928457,180.984767,-0.0132134521,0.0061287150,AMZN,0
2022-06-09,154.972115,182.070947,-0.0124664620,0.0060014985,AMZN,0
2022-06-10,155.159288,183.148941,0.0012077888,0.0059207355,AMZN,0
2022-06-13,156.035302,183.871085,0.0056459030,0.0039429371,AMZN,0
2022-06-14,155.144660,188.697701,-0.0057079579,0.0262499983,AMZN,0
2022-06-15,154.701504,189.940629,-0.0028564053,0.0065868758,AMZN,0
2022-06-16,153.765435,189.853413,-0.0060508035,-0.0004591757,AMZN,0
2022-06-17,152.558277,190.168439,-0.0078506493,0.0016593085,AMZN,0
2022-06-20,151.881952,198.029600,-0.0044332188,0.0413378850,AMZN,0
2022-06-21,151.547830,205.000151,-0.0021998851,0.0351995428,AMZN,0
2022-06-22,150.203790,205.173481,-0.0088687509,0.0008455133,AMZN,0
2022-06-23,149.193818,204.881887,-0.0067240094,-0.0014212070,AMZN,0
2022-06-24,149.628191,206.768228,0.0029114692,0.0092069679,AMZN,0
2022-06-27,150.225409,208.598010,0.0039913467,0.0088494349,AMZN,0
2022-06-28,150.156025,209.942376,-0.0004618674,0.0064447692,AMZN,0
2022-06-29,150.369305,211.701569,0.0014203871,0.0083794063,AMZN,0
2022-06-30,150.989694,212.328142,0.0041257727,0.0029596996,AMZN,0
2022-07-01,151.437558,217.377584,0.0029661877,0.0237813114,AMZN,0
2022-07-04,151.601183,212.543011,0.0010804773,-0.0222404390,AMZN,0
2022-07-05,151.154309,207.360124,-0.0029476910,-0.0243851186,AMZN,0
2022-07-06,150.189977,202.163278,-0.0063797857,-0.0250619373,AMZN,0
2022-07-07,148.799710,197.252111,-0.0092567214,-0.0242930698,AMZN,0
2022-07-08,151.594817,195.851611,0.0187843571,-0.0071000493,AMZN,0
2022-07-11,153.724237,194.451075,0.0140467824,-0.0071510099,AMZN,0
2022-07-12,155.148177,193.220267,0.0092629493,-0.0063296514,AMZN,0
2022-07-13,155.874090,192.129197,0.0046788401,-0.0056467661,AMZN,0
2022-07-14,153.926651,190.345299,-0.0124936687,-0.0092848911,AMZN,0
2022-07-15,152.201729,189.256750,-0.0112061290,-0.0057188093,AMZN,0
2022-07-18,152.751358,192.278557,0.0036111915,0.0159667061,AMZN,0
2022-07-19,153.427719,196.127676,0.0044278498,0.0200184524,AMZN,0
2022-07-20,154.134871,201.134485,0.0046090299,0.0255283122,AMZN,0
2022-07-21,154.787781,207.456042,0.0042359624,0.0314295033,AMZN,0
2022-07-22,155.303284,204.488419,0.0033303863,-0.0143048252,AMZN,0
2022-07-25,155.654903,202.598009,0.0022640808,-0.0092445824,AMZN,0
2022-07-26,155.740757,201.929107,0.0005515626,-0.0033016225,AMZN,0
2022-07-27,155.511654,202.650207,-0.0014710537,0.0035710532,AMZN,0
2022-07-28,156.030821,199.309766,0.0033384433,-0.0164837752,AMZN,0
2022-07-29,157.274310,196.420496,0.0079695112,-0.0144963805,AMZN,0
2022-08-01,156.510631,196.275400,-0.0048557149,-0.0007387024,AMZN,0
2022-08-02,156.102426,195.983447,-0.0026081570,-0.0014874669,AMZN,0
2022-08-03,154.660491,195.903230,-0.0092371113,-0.0004093010,AMZN,0
2022-08-04,153.557276,195.858795,-0.0071331386,-0.0002268214,AMZN,0
2022-08-05,153.966185,193.896542,0.0026629048,-0.0100187161,AMZN,0
2022-08-08,154.556205,192.643270,0.0038321443,-0.0064636103,AMZN,0
2022-08-09,154.426368,189.528382,-0.0008400620,-0.0161692039,AMZN,0
2022-08-10,154.596044,187.084265,0.0010987469,-0.0128957848,AMZN,0
2022-08-11,152.806959,193.700196,-0.0115726452,0.0353633802,AMZN,0
2022-08-12,150.850078,198.574781,-0.0128062254,0.0251656132,AMZN,0
2022-08-15,155.108317,201.848423,0.0282282857,0.0164856889,AMZN,0
2022-08-16,160.898996,207.020506,0.0373331296,0.0256235987,AMZN,0
2022-08-17,164.045713,207.044333,0.0195570898,0.0001150943,AMZN,0
2022-08-18,167.885364,208.810994,0.0234059825,0.0085327667,AMZN,0
2022-08-19,168.654815,205.952897,0.0045831958,-0.0136874795,AMZN,0
2022-08-22,169.413380,203.914719,0.0044977370,-0.0098963342,AMZN,0
2022-08-23,169.950391,204.133763,0.0031698229,0.0010741936,AMZN,0
2022-08-24,170.667673,200.698432,0.0042205422,-0.0168288192,AMZN,0
2022-08-25,170.872020,202.031695,0.0011973376,0.0066431128,AMZN,0
2022-08-26,170.813835,203.440204,-0.0003405215,0.0069717219,AMZN,0
2022-08-29,171.438686,203.019855,0.0036580825,-0.0020662032,AMZN,0
2022-08-30,172.193756,202.389756,0.0044043156,-0.0031036312,AMZN,0
2022-08-31,172.988007,211.375097,0.0046125426,0.0443962225,AMZN,0
2022-09-01,173.723308,218.879205,0.0042505912,0.0355013823,AMZN,0
2022-09-02,174.280766,219.290663,0.0032088832,0.0018798438,AMZN,0
2022-09-05,174.498701,220.279364,0.0012504805,0.0045086307,AMZN,0
2022-09-06,179.659787,221.731203,0.0295766453,0.0065908981,AMZN,0
2022-09-07,184.041128,223.395977,0.0243868763,0.0075080750,AMZN,0
2022-09-08,182.017733,221.568697,-0.0109942509,-0.0081795599,AMZN,0
2022-09-09,180.344912,220.071515,-0.0091904293,-0.0067571877,AMZN,0
2022-09-12,178.223532,218.286324,-0.0117629055,-0.0081118672,AMZN,0
2022-09-13,175.937005,216.389493,-0.0128295450,-0.0086896483,AMZN,0
2022-09-14,173.599040,214.512147,-0.0132886490,-0.0086757740,AMZN,0
2022-09-15,171.336405,212.729351,-0.0130336849,-0.0083109317,AMZN,0
2022-09-16,170.626383,207.260114,-0.0041440212,-0.0257098386,AMZN,0
2022-09-19,169.525245,201.995514,-0.0064535040,-0.0254009308,AMZN,0
2022-09-20,168.069771,197.131599,-0.0085855894,-0.0240793205,AMZN,0
2022-09-21,166.305711,193.005359,-0.0104960017,-0.0209314013,AMZN,0
2022-09-22,166.063474,190.026609,-0.0014565712,-0.0154335073,AMZN,0
2022-09-23,166.510486,187.851219,0.0026918135,-0.0114478173,AMZN,0
2022-09-26,167.259020,187.357306,0.0044954147,-0.0026292789,AMZN,0
2022-09-27,167.923338,185.867799,0.0039717909,-0.0079500853,AMZN,0
2022-09-28,168.616413,187.800549,0.0041273281,0.0103985208,AMZN,0
2022-09-29,169.389768,188.512107,0.0045864762,0.0037889013,AMZN,0
2022-09-30,169.680612,185.407285,0.0017170098,-0.0164701471,AMZN,0
2022-10-03,170.213743,182.261595,0.0031419680,-0.0169663788,AMZN,0
2022-10-04,169.905065,179.882845,-0.0018134705,-0.0130512966,AMZN,0
2022-10-05,169.947431,180.011202,0.0002493521,0.0007135599,AAPL,1
2022-10-06,168.872085,181.410876,-0.0063275222,0.0077754856,AAPL,0
2022-10-07,168.193873,182.632297,-0.0040161291,0.0067328941,AAPL,0
2022-10-10,166.192596,183.608636,-0.0118986306,0.0053459291,AAPL,0
2022-10-11,164.070396,184.233260,-0.0127695258,0.0034019318,AAPL,0
2022-10-12,162.686909,185.378680,-0.0084322763,0.0062172288,AAPL,0
2022-10-13,161.003725,186.571203,-0.0103461525,0.0064328993,AAPL,0
2022-10-14,160.298781,187.809334,-0.0043784330,0.0066362387,AAPL,0
2022-10-17,159.299604,188.943737,-0.0062332175,0.0060401884,AAPL,0
2022-10-18,159.293759,189.671710,-0.0000366903,0.0038528523,AAPL,0
2022-10-19,158.949733,190.854168,-0.0021596943,0.0062342355,AAPL,0
2022-10-20,159.454970,196.281050,0.0031785916,0.0284347048,AAPL,0
2022-10-21,159.733519,202.644690,0.0017468868,0.0324210652,AAPL,0
2022-10-24,157.748044,199.117567,-0.0124299208,-0.0174054583,AAPL,0
2022-10-25,155.666207,195.102269,-0.0131972342,-0.0201654636,AAPL,0
2022-10-26,153.607981,190.884145,-0.0132220457,-0.0216200644,AAPL,0
2022-10-27,151.679351,186.694771,-0.0125555289,-0.0219472083,AAPL,0
2022-10-28,151.278191,187.315884,-0.0026447923,0.0033268910,AAPL,0
2022-10-31,150.343257,187.116723,-0.0061802271,-0.0010632390,AAPL,0
2022-11-01,148.977226,186.353695,-0.0090860869,-0.0040778186,AAPL,0
2022-11-02,147.304781,184.971288,-0.0112261776,-0.0074181864,AAPL,0
2022-11-03,149.413327,190.546066,0.0143141772,0.0301386135,AAPL,0
2022-11-04,150.841198,195.586398,0.0095565133,0.0264520368,AAPL,0
2022-11-07,151.174449,203.460972,0.0022092829,0.0402613606,AAPL,0
2022-11-08,151.298843,214.337060,0.0008228533,0.0534553998,AAPL,0
2022-11-09,151.128922,217.218683,-0.0011230863,0.0134443549,AAPL,0
2022-11-10,150.626826,221.047477,-0.0033222989,0.0176264485,AAPL,0
2022-11-11,149.779916,221.561659,-0.0056225710,0.0023261155,AAPL,0
2022-11-14,148.607900,222.414895,-0.0078249185,0.0038510088,AAPL,0
2022-11-15,147.196040,223.584371,-0.0095005750,0.0052580834,AAPL,0
2022-11-16,145.541161,225.059303,-0.0112426865,0.0065967545,AAPL,0
2022-11-17,143.721894,223.870295,-0.0125000178,-0.0052830857,AAPL,0
2022-11-18,141.824361,222.177280,-0.0132028128,-0.0075624796,AMZN,1
2022-11-21,141.494362,221.783885,-0.0023268145,-0.0017706352,AMZN,0
2022-11-22,141.738550,221.063958,0.0017257802,-0.0032460785,AMZN,0
2022-11-23,142.621362,219.719061,0.0062284538,-0.0060837442,AMZN,0
2022-11-24,144.179491,217.710210,0.0109249343,-0.0091428154,AMZN,0
2022-11-25,142.401494,216.686528,-0.0123318284,-0.0047020400,AMZN,0
2022-11-28,140.877621,215.682757,-0.0107012412,-0.0046323648,AMZN,0
2022-11-29,139.698028,215.000746,-0.0083731757,-0.0031621031,AMZN,0
2022-11-30,138.869603,214.828227,-0.0059301116,-0.0008024093,AMZN,0
2022-12-01,138.994984,210.482574,0.0009028688,-0.0202285030,AMZN,0
2022-12-02,139.427610,206.189680,0.0031125259,-0.0203954848,AMZN,0
2022-12-05,137.945799,202.594344,-0.0106278177,-0.0174370310,AMZN,0
2022-12-06,136.687272,198.644667,-0.0091233442,-0.0194954938,AMZN,0
2022-12-07,135.731410,198.864535,-0.0069930583,0.0011068388,AAPL,1
2022-12-08,135.086559,199.359218,-0.0047509323,0.0024875392,AAPL,0
2022-12-09,134.753262,202.926656,-0.0024672837,0.0178945198,AAPL,0
2022-12-12,134.707795,205.571705,-0.0003374099,0.0130345121,AAPL,0
2022-12-13,134.865329,215.042141,0.0011694481,0.0460687677,AAPL,0
2022-12-14,135.237310,223.073421,0.0027581682,0.0373474708,AAPL,0
2022-12-15,134.661205,218.394629,-0.0042599597,-0.0209742215,AAPL,0
2022-12-16,133.647686,214.331340,-0.0075264343,-0.0186052618,AAPL,0
2022-12-19,132.522971,211.355451,-0.0084155223,-0.0138845251,AAPL,0
2022-12-20,131.150972,208.391897,-0.0103529129,-0.0140216583,AAPL,0
2022-12-21,130.575636,209.112228,-0.0043868214,0.0034566148,AAPL,0
2022-12-22,129.708732,219.220233,-0.0066390964,0.0483377061,AMZN,1
2022-12-23,129.706028,218.732897,-0.0000208490,-0.0022230436,AMZN,0
2022-12-26,129.431518,218.315474,-0.0021163996,-0.0019083699,AMZN,0
2022-12-27,129.815675,217.352281,0.0029680385,-0.0044119315,AMZN,0
2022-12-28,130.044114,216.709692,0.0017597145,-0.0029564402,AMZN,0
2022-12-29,130.635689,213.149670,0.0045490360,-0.0164276088,AMZN,0
2022-12-30,131.158626,210.487889,0.0040030174,-0.0124878478,AMZN,0
2023-01-02,131.503786,207.449627,0.0026316218,-0.0144343795,AMZN,0
2023-01-03,135.816350,204.042720,0.0327942168,-0.0164228159,AMZN,0
2023-01-04,136.434407,203.699500,0.0045506855,-0.0016820982,AAPL,1
2023-01-05,136.975297,204.915910,0.0039644632,0.0059715888,AAPL,0
2023-01-06,137.541437,203.910807,0.0041331539,-0.0049049537,AAPL,0
2023-01-09,138.172173,203.209144,0.0045857951,-0.0034410296,AAPL,0
2023-01-10,138.408531,201.712491,0.0017106011,-0.0073650869,AAPL,0
2023-01-11,138.844764,200.506238,0.0031517801,-0.0059800576,AAPL,0
2023-01-12,138.595336,202.713807,-0.0017964554,0.0110099735,AAPL,0
2023-01-13,138.584205,204.707896,-0.0000803126,0.0098369704,AAPL,0
2023-01-16,138.147633,207.073468,-0.0031502235,0.0115558387,AAPL,0
2023-01-17,137.393045,210.202987,-0.0054621907,0.0151130854,AAPL,0
2023-01-18,136.340438,213.862864,-0.0076612826,0.0174111586,AAPL,0
2023-01-19,135.017362,218.033502,-0.0097042104,0.0195014572,AAPL,0
2023-01-20,133.515250,218.453307,-0.0111253204,0.0019254135,AAPL,0
2023-01-23,131.855957,218.960939,-0.0124277456,0.0023237581,AAPL,0
2023-01-24,130.118977,219.500822,-0.0131733078,0.0024656566,AAPL,0
2023-01-25,128.396684,220.032964,-0.0132363003,0.0024243289,AAPL,0
2023-01-26,128.855174,221.534559,0.0035708869,0.0068244083,AAPL,0
2023-01-27,129.423602,224.279909,0.0044113770,0.0123924238,AAPL,0
2023-01-30,129.737846,224.831183,0.0024280221,0.0024579756,AAPL,0
2023-01-31,134.128194,224.424169,0.0338401518,-0.0018103126,AAPL,0
2023-02-01,137.775007,223.167645,0.0271890077,-0.0055988771,AAPL,0
2023-02-02,140.852996,221.161226,0.0223406923,-0.0089906386,AAPL,0
2023-02-03,141.442491,226.926506,0.0041851819,0.0260682239,AAPL,0
2023-02-06,142.087979,231.424990,0.0045636036,0.0198235283,AAPL,0
2023-02-07,142.730876,234.456264,0.0045246459,0.0130982994,AAPL,0
2023-02-08,143.286805,240.023793,0.0038949456,0.0237465566,AAPL,0
2023-02-09,143.307830,234.621446,0.0001467283,-0.0225075487,AAPL,0
2023-02-10,142.767186,229.850499,-0.0037726004,-0.0203346569,AAPL,0
2023-02-13,145.553921,236.265322,0.0195194368,0.0279086775,AAPL,0
2023-02-14,149.075955,245.791661,0.0241974479,0.0403205095,AAPL,0
2023-02-15,150.575800,250.296425,0.0100609467,0.0183275737,AAPL,0
2023-02-16,152.815904,255.889555,0.0148769210,0.0223460213,AAPL,0
2023-02-17,153.298447,256.270639,0.0031576747,0.0014892533,AAPL,0
2023-02-20,153.945864,256.329573,0.0042232414,0.0002299671,AAPL,0
2023-02-21,158.294535,256.912140,0.0282480536,0.0022727290,AAPL,0
2023-02-22,164.173015,257.495792,0.0371363447,0.0022717928,AAPL,0
2023-02-23,164.811537,257.933482,0.0038893255,0.0016997973,AAPL,0
2023-02-24,165.267518,257.649360,0.0027666801,-0.0011015323,AAPL,0
2023-02-27,163.298216,256.651627,-0.0119158426,-0.0038724463,AAPL,0
2023-02-28,161.178775,256.412983,-0.0129789650,-0.0009298357,AAPL,0
2023-03-01,159.976885,253.780116,-0.0074568749,-0.0102680734,AAPL,0
2023-03-02,158.368139,251.997852,-0.0100561135,-0.0070228643,AAPL,0
2023-03-03,156.449138,252.664321,-0.0121173430,0.0026447372,AAPL,0
2023-03-06,154.784868,253.973460,-0.0106377712,0.0051813391,AAPL,0
2023-03-07,152.726989,252.969892,-0.0132950916,-0.0039514663,AAPL,0
2023-03-08,150.738571,252.838462,-0.0130194281,-0.0005195504,AAPL,0
2023-03-09,153.178193,247.932452,0.0161844583,-0.0194037325,AAPL,0
2023-03-10,155.073766,243.014495,0.0123749577,-0.0198358759,AAPL,0
2023-03-13,153.586780,241.755379,-0.0095888956,-0.0051812388,AAPL,0
2023-03-14,152.529948,241.375104,-0.0068810138,-0.0015729712,AAPL,0
2023-03-15,151.897723,242.063954,-0.0041449213,0.0028538550,AAPL,0
2023-03-16,151.855477,243.573854,-0.0002781186,0.0062376089,AAPL,0
2023-03-17,149.861571,238.541066,-0.0131302886,-0.0206622675,AAPL,0
2023-03-20,147.869822,233.753066,-0.0132905929,-0.0200720143,AAPL,0
2023-03-21,145.972239,229.454234,-0.0128327921,-0.0183904866,AAPL,0
2023-03-22,144.278333,225.178338,-0.0116043036,-0.0186350701,AMZN,1
2023-03-23,143.255394,228.081670,-0.0070900408,0.0128934791,AMZN,0
2023-03-24,141.940970,233.041978,-0.0091753850,0.0217479450,AMZN,0
2023-03-27,141.100086,234.967915,-0.0059241828,0.0082643349,AMZN,0
2023-03-28,140.586979,235.102389,-0.0036364788,0.0005723107,AMZN,0
2023-03-29,140.389542,233.594420,-0.0014043714,-0.0064140948,AMZN,0
2023-03-30,140.421822,230.667552,0.0002299262,-0.0125297003,AMZN,0
2023-03-31,140.703223,238.413102,0.0020039737,0.0335788428,AMZN,0
2023-04-03,141.176829,244.821513,0.0033659927,0.0268794418,AMZN,0
2023-04-04,141.775540,249.971045,0.0042408566,0.0210338228,AMZN,0
2023-04-05,142.429243,253.847681,0.0046108308,0.0155083414,AMZN,0
2023-04-06,143.070059,247.870283,0.0044991879,-0.0235471857,AMZN,0
2023-04-07,143.615228,242.373153,0.0038105076,-0.0221774475,AMZN,0
2023-04-10,144.051796,238.371552,0.0030398386,-0.0165100833,AAPL,1
2023-04-11,143.997481,233.759418,-0.0003770479,-0.0193485074,AAPL,0
2023-04-12,145.776881,228.635197,0.0123571561,-0.0219209165,AAPL,0
2023-04-13,146.888532,223.608400,0.0076257046,-0.0219861055,AAPL,0
2023-04-14,145.410176,219.802947,-0.0100644780,-0.0170183823,AAPL,0
2023-04-17,143.675419,214.155203,-0.0119300887,-0.0256945783,AMZN,1
2023-04-18,143.064488,214.257173,-0.0042521615,0.0004761516,AMZN,0
2023-04-19,141.988616,213.727596,-0.0075201885,-0.0024716886,AMZN,0
2023-04-20,140.140333,215.635937,-0.0130171253,0.0089288462,AMZN,0
2023-04-21,138.443860,216.721335,-0.0121055253,0.0050334781,AMZN,0
2023-04-24,139.026455,212.689431,0.0042081683,-0.0186040975,AMZN,0
2023-04-25,139.667101,209.062372,0.0046080840,-0.0170533077,AMZN,0
2023-04-26,139.796078,204.885875,0.0009234610,-0.0199772778,AMZN,0
2023-04-27,140.236714,200.816670,0.0031519900,-0.0198608402,AMZN,0
2023-04-28,140.624308,195.398791,0.0027638540,-0.0269792280,AMZN,0
2023-05-01,140.792701,192.482798,0.0011974703,-0.0149232876,AAPL,1
2023-05-02,141.416099,191.641461,0.0044277743,-0.0043709767,AAPL,0
2023-05-03,141.941995,190.513543,0.0037187819,-0.0058855635,AAPL,0
2023-05-04,142.827466,193.030014,0.0062382590,0.0132088843,AAPL,0
2023-05-05,144.389289,196.652479,0.0109350357,0.0187663300,AAPL,0
2023-05-08,145.055982,198.574725,0.0046173293,0.0097748353,AAPL,0
2023-05-09,145.681544,199.711889,0.0043125542,0.0057266333,AAPL,0
2023-05-10,146.208325,199.921826,0.0036159786,0.0010511987,AAPL,0
2023-05-11,146.458017,199.257339,0.0017077778,-0.0033237367,AAPL,0
2023-05-12,146.591803,207.463996,0.0009134783,0.0411862238,AAPL,0
2023-05-15,146.924096,214.235426,0.0022667935,0.0326390605,AAPL,0
2023-05-16,147.446918,220.189478,0.0035584487,0.0277920984,AAPL,0
2023-05-17,148.088090,225.285936,0.0043484917,0.0231457841,AAPL,0
2023-05-18,146.945152,226.551356,-0.0077179619,0.0056169525,AAPL,0
2023-05-19,146.139612,227.343798,-0.0054819062,0.0034978468,AAPL,0
2023-05-22,144.852278,228.831337,-0.0088089328,0.0065431248,AAPL,0
2023-05-23,143.302063,230.643862,-0.0107020396,0.0079207905,AAPL,0
2023-05-24,141.564173,232.693603,-0.0121274608,0.0088870395,AAPL,0
2023-05-25,139.736366,234.861916,-0.0129115113,0.0093183184,AAPL,0
2023-05-26,137.878356,233.150087,-0.0132965348,-0.0072886629,AAPL,0
2023-05-29,136.090230,231.136808,-0.0129688708,-0.0086351218,AAPL,0
2023-05-30,134.475019,228.869634,-0.0118686748,-0.0098087959,AAPL,0
2023-05-31,133.130608,226.456577,-0.0099974750,-0.0105433703,AAPL,0
2023-06-01,132.068671,224.083413,-0.0079766560,-0.0104795524,AAPL,0
2023-06-02,131.438751,221.446284,-0.0047696430,-0.0117685141,AAPL,0
2023-06-05,131.853618,220.030765,0.0031563508,-0.0063921543,AAPL,0
2023-06-06,132.380509,218.925646,0.0039960300,-0.0050225671,AAPL,0
2023-06-07,132.370898,217.164646,-0.0000725994,-0.0080438264,AAPL,0
2023-06-08,132.602009,215.521136,0.0017459331,-0.0075680383,AAPL,0
2023-06-09,132.015901,211.532687,-0.0044200533,-0.0185060695,AAPL,0
2023-06-12,131.727215,208.261112,-0.0021867517,-0.0154660477,AAPL,0
2023-06-13,130.611486,203.683470,-0.0084699978,-0.0219803028,AAPL,0
2023-06-14,129.790228,199.436064,-0.0062877937,-0.0208529705,AAPL,0
2023-06-15,132.746651,211.461226,0.0227784722,0.0602958240,AAPL,0
2023-06-16,135.141749,221.295604,0.0180426265,0.0465067646,AAPL,0
2023-06-19,136.272684,217.626529,0.0083685091,-0.0165799709,AAPL,0
2023-06-20,138.059610,213.972227,0.0131128734,-0.0167916200,AAPL,0
2023-06-21,138.098287,210.843912,0.0002801489,-0.0146201907,AAPL,0
2023-06-22,138.732205,207.494603,0.0045903324,-0.0158852553,AAPL,0
2023-06-23,137.754855,203.867328,-0.0070448666,-0.0174812995,AAPL,0
2023-06-26,137.248354,199.697216,-0.0036768286,-0.0204550277,AAPL,0
2023-06-27,135.686536,197.560110,-0.0113794985,-0.0107017316,AAPL,0
2023-06-28,134.370176,194.669235,-0.0097014781,-0.0146328899,AAPL,0
2023-06-29,134.979527,195.893552,0.0045348649,0.0062892205,AAPL,0
2023-06-30,135.599897,198.315700,0.0045960326,0.0123646113,AAPL,0
2023-07-03,134.019825,197.261222,-0.0116524588,-0.0053171678,AAPL,0
2023-07-04,132.296653,196.652573,-0.0128575892,-0.0030854981,AAPL,0
2023-07-05,130.537789,200.091081,-0.0132948507,0.0174851931,AAPL,0
2023-07-06,128.839526,203.137243,-0.0130097430,0.0152238763,AAPL,0
2023-07-07,127.255995,203.929104,-0.0122907257,0.0038981588,AAPL,0
2023-07-10,125.868269,205.196220,-0.0109049947,0.0062135134,AAPL,0
2023-07-11,124.720923,206.765681,-0.0091154506,0.0076485826,AAPL,0
2023-07-12,123.851449,208.451958,-0.0069713493,0.0081554981,AAPL,0
2023-07-13,123.264101,210.182853,-0.0047423636,0.0083035702,AAPL,0
2023-07-14,122.907557,211.249283,-0.0028925167,0.0050738183,AAPL,0
2023-07-17,125.405879,208.090268,0.0203268321,-0.0149539684,AAPL,0
2023-07-18,128.424240,205.432246,0.0240687360,-0.0127734064,AAPL,0
2023-07-19,132.167055,203.290457,0.0291441495,-0.0104257715,AAPL,0
2023-07-20,132.281786,201.966712,0.0008680766,-0.0065115901,AAPL,0
2023-07-21,132.504499,197.269828,0.0016836218,-0.0232557353,AAPL,0
2023-07-24,133.327506,192.597980,0.0062111670,-0.0236825252,AAPL,0
2023-07-25,134.770488,188.155214,0.0108228395,-0.0230675663,AAPL,0
2023-07-26,136.870876,184.185906,0.0155849237,-0.0210959224,AAPL,0
2023-07-27,135.403512,182.969827,-0.0107207890,-0.0066024558,AAPL,0
2023-07-28,134.268370,181.301326,-0.0083834004,-0.0091189929,AAPL,0
2023-07-31,136.231645,178.307789,0.0146220204,-0.0165113916,AAPL,0
2023-08-01,137.582805,175.332401,0.0099181055,-0.0166868106,AAPL,0
2023-08-02,140.771061,175.140030,0.0231733628,-0.0010971783,AMZN,1
2023-08-03,143.499075,177.565674,0.0193790778,0.0138497427,AMZN,0
2023-08-04,143.155073,177.019589,-0.0023972434,-0.0030753984,AMZN,0
2023-08-07,142.294873,176.566806,-0.0060088674,-0.0025578093,AMZN,0
2023-08-08,143.038787,175.772938,0.0052279764,-0.0044961348,AMZN,0
2023-08-09,143.156036,175.105282,0.0008197012,-0.0037984012,AMZN,0
2023-08-10,143.802973,173.868302,0.0045191071,-0.0070642059,AMZN,0
2023-08-11,144.460528,173.029149,0.0045726055,-0.0048263740,AMZN,0
2023-08-14,145.060092,168.811598,0.0041503674,-0.0243748016,AMZN,0
2023-08-15,145.554262,164.294059,0.0034066580,-0.0267608304,AMZN,0
2023-08-16,146.206093,161.395681,0.0044782667,-0.0176414047,AMZN,0
2023-08-17,146.877047,157.936962,0.0045890988,-0.0214300586,AMZN,0
2023-08-18,146.620861,155.510087,-0.0017442213,-0.0153661005,AMZN,0
2023-08-21,146.036826,154.720010,-0.0039833038,-0.0050805543,AAPL,1
2023-08-22,146.336432,159.428264,0.0020515826,0.0304308069,AAPL,0
2023-08-23,146.383561,166.041699,0.0003220582,0.0414821941,AAPL,0
2023-08-24,144.919204,168.291838,-0.0100035587,0.0135516552,AAPL,0
2023-08-25,143.233211,170.763864,-0.0116340222,0.0146889229,AAPL,0
2023-08-28,143.095146,171.490187,-0.0009639168,0.0042533744,AAPL,0
2023-08-29,143.565354,173.130850,0.0032859791,0.0095670951,AAPL,0
2023-08-30,142.430676,172.478916,-0.0079035651,-0.0037655579,AAPL,0
2023-08-31,141.752390,172.560243,-0.0047622204,0.0004715212,AAPL,0
2023-09-01,140.070424,169.898714,-0.0118655170,-0.0154237647,AAPL,0
2023-09-04,138.670744,168.097661,-0.0099926861,-0.0106007493,AAPL,0
2023-09-05,136.826893,164.528925,-0.0132966109,-0.0212301323,AAPL,0
2023-09-06,135.054919,161.380669,-0.0129504834,-0.0191349731,AAPL,0
2023-09-07,135.283589,162.592076,0.0016931608,0.0075065232,AAPL,0
2023-09-08,135.770229,163.705136,0.0035971878,0.0068457202,AAPL,0
2023-09-11,134.251251,165.259718,-0.0111878610,0.0094962319,AAPL,0
2023-09-12,132.988161,166.587637,-0.0094084008,0.0080353439,AAPL,0
2023-09-13,131.234741,168.272463,-0.0131847868,0.0101137547,AAPL,0
2023-09-14,129.599102,169.927326,-0.0124634542,0.0098344254,AAPL,0
2023-09-15,127.950335,168.390957,-0.0127220619,-0.0090413330,AAPL,0
2023-09-18,126.258112,167.113263,-0.0132256232,-0.0075876614,AAPL,0
2023-09-19,125.085675,167.783938,-0.0092860281,0.0040132978,AMZN,1
2023-09-20,123.661363,170.095150,-0.0113866976,0.0137749246,AMZN,0
2023-09-21,124.098045,169.892027,0.0035312740,-0.0011941731,AMZN,0
2023-09-22,124.637541,169.819456,0.0043473387,-0.0004271584,AMZN,0
2023-09-25,125.156209,166.987918,0.0041614089,-0.0166738095,AMZN,0
2023-09-26,125.559353,164.376459,0.0032211295,-0.0156386124,AMZN,0
2023-09-27,125.784715,170.350708,0.0017948615,0.0363449161,AAPL,1
2023-09-28,125.783031,169.361107,-0.0000133832,-0.0058091940,AAPL,0
2023-09-29,126.097750,168.576359,0.0025020766,-0.0046335803,AAPL,0
2023-10-02,126.593700,168.870657,0.0039330576,0.0017457807,AAPL,0
2023-10-03,127.167877,170.334507,0.0045355897,0.0086684699,AAPL,0
2023-10-04,127.747302,173.090545,0.0045563787,0.0161801523,AAPL,0
2023-10-05,130.034040,170.544650,0.0179004834,-0.0147084605,AAPL,0
2023-10-06,132.963488,168.843014,0.0225283151,-0.0099776562,AAPL,0
2023-10-09,134.897644,166.766454,0.0145465201,-0.0122987600,AAPL,0
2023-10-10,136.338299,164.497501,0.0106796120,-0.0136055703,AAPL,0
2023-10-11,137.151381,162.167509,0.0059637132,-0.0141643046,AAPL,0
2023-10-12,137.364629,159.875037,0.0015548322,-0.0141364430,AAPL,0
2023-10-13,137.014621,157.206818,-0.0025480183,-0.0166894014,AAPL,0
2023-10-16,136.264331,155.156472,-0.0054759847,-0.0130423505,AMZN,1
2023-10-17,135.110815,152.904690,-0.0084652824,-0.0145129745,AMZN,0
2023-10-18,133.648036,151.055533,-0.0108265107,-0.0120935242,AMZN,0
2023-10-19,131.994457,157.964956,-0.0123726458,0.0457409454,AMZN,0
2023-10-20,130.255099,163.075666,-0.0131775074,0.0323534393,AMZN,0
2023-10-23,129.742649,159.460378,-0.0039341998,-0.0221693878,AMZN,0
2023-10-24,128.935620,156.697519,-0.0062202309,-0.0173263032,AMZN,0
2023-10-25,128.979563,152.401655,0.0003408140,-0.0274150114,AMZN,0
2023-10-26,128.755642,148.547874,-0.0017360957,-0.0252869987,AMZN,0
2023-10-27,127.257320,148.670928,-0.0116369412,0.0008283767,AAPL,1
2023-10-30,125.632915,149.031685,-0.0127647307,0.0024265450,AAPL,0
2023-10-31,124.575105,149.170112,-0.0084198483,0.0009288472,AAPL,0
2023-11-01,123.329756,149.431342,-0.0099967712,0.0017512195,AAPL,0
2023-11-02,123.815522,150.976571,0.0039387571,0.0103407295,AAPL,0
2023-11-03,124.369812,153.360795,0.0044767422,0.0157920147,AAPL,0
2023-11-06,124.751447,152.891842,0.0030685536,-0.0030578447,AAPL,0
2023-11-07,129.277929,151.735044,0.0362840036,-0.0075661158,AAPL,0
2023-11-08,129.873218,153.257292,0.0046047168,0.0100322751,AAPL,0
2023-11-09,130.416952,153.763188,0.0041866581,0.0033009549,AAPL,0
2023-11-10,132.941889,151.508648,0.0193604908,-0.0146624136,AAPL,0
2023-11-13,134.879577,148.664649,0.0145754560,-0.0187712019,AAPL,0
2023-11-14,138.787414,148.162965,0.0289727809,-0.0033745990,AAPL,0
2023-11-15,142.112090,146.775952,0.0239551723,-0.0093614021,AAPL,0
2023-11-16,142.340325,144.175204,0.0016060194,-0.0177191720,AAPL,0
2023-11-17,141.993854,141.917241,-0.0024341015,-0.0156612433,AAPL,0
2023-11-20,140.734576,142.403316,-0.0088685374,0.0034250609,AAPL,0
2023-11-21,139.906369,143.054391,-0.0058848882,0.0045720494,AAPL,0
2023-11-22,139.475355,141.059903,-0.0030807295,-0.0139421618,AAPL,0
2023-11-23,139.605122,139.070903,0.0009303880,-0.0141003976,AAPL,0
2023-11-24,140.355383,137.427861,0.0053741651,-0.0118144181,AAPL,0
2023-11-27,141.757044,136.153768,0.0099865206,-0.0092709949,AAPL,0
2023-11-28,143.851432,135.425642,0.0147744850,-0.0053478224,AAPL,0
2023-11-29,146.529717,135.366444,0.0186184124,-0.0004371211,AAPL,0
2023-11-30,149.931065,134.578403,0.0232126835,-0.0058215439,AMZN,1
2023-12-01,154.153643,136.188760,0.0281634635,0.0119659411,AMZN,0
2023-12-04,153.139642,134.476451,-0.0065778622,-0.0125730536,AMZN,0
2023-12-05,152.481517,132.491013,-0.0042975474,-0.0147642052,AMZN,0
2023-12-06,152.164036,130.285124,-0.0020820915,-0.0166493500,AMZN,0
2023-12-07,152.112059,128.001275,-0.0003415864,-0.0175296232,AMZN,0
2023-12-08,150.151401,124.537921,-0.0128895653,-0.0270571836,AMZN,0
2023-12-11,148.371741,121.319976,-0.0118524334,-0.0258390749,AMZN,0
2023-12-12,146.797358,118.442258,-0.0106110720,-0.0237200675,AMZN,0
2023-12-13,145.513197,116.017658,-0.0087478490,-0.0204707363,AMZN,0
2023-12-14,143.982377,113.690807,-0.0105201454,-0.0200560058,AAPL,1
2023-12-15,142.262207,112.517212,-0.0119470866,-0.0103226952,AAPL,0
2023-12-18,145.219429,110.983771,0.0207871199,-0.0136284984,AMZN,1
2023-12-19,148.920727,110.660635,0.0254876254,-0.0029115589,AMZN,0
2023-12-20,150.610492,110.395221,0.0113467395,-0.0023984546,AMZN,0
2023-12-21,153.028016,110.079976,0.0160515017,-0.0028556041,AMZN,0
2023-12-22,153.476904,107.724558,0.0029333728,-0.0213973321,AMZN,0
2023-12-25,154.625852,105.714416,0.0074861262,-0.0186600130,AMZN,0
2023-12-26,153.852977,103.302547,-0.0049983536,-0.0228149522,AMZN,0
2023-12-27,153.666197,100.940033,-0.0012140196,-0.0228698541,AMZN,0
2023-12-28,152.111415,100.782377,-0.0101179155,-0.0015618721,AMZN,0
2023-12-29,150.882561,100.659198,-0.0080786449,-0.0012222272,AMZN,0
2024-01-01,148.876456,100.213865,-0.0132958044,-0.0044241685,AMZN,0
2024-01-02,146.956837,99.244699,-0.0128940410,-0.0096709795,AMZN,0
2024-01-03,145.167790,99.981779,-0.0121739610,0.0074268953,AMZN,0
2024-01-04,143.265936,100.036926,-0.0131010756,0.0005515734,AMZN,0
2024-01-05,142.115861,97.746828,-0.0080275543,-0.0228925304,AMZN,0
2024-01-08,140.629548,95.220343,-0.0104584612,-0.0258472350,AMZN,0
2024-01-09,140.370643,94.108973,-0.0018410393,-0.0116715604,AMZN,0
2024-01-10,139.689356,92.409915,-0.0048534854,-0.0180541460,AMZN,0
2024-01-11,140.639808,90.693674,0.0068040421,-0.0185720478,AMZN,0
2024-01-12,140.954808,92.995450,0.0022397580,0.0253796748,GOOGL,1
2024-01-15,141.608125,92.234450,0.0046349420,-0.0081831926,GOOGL,0
2024-01-16,141.646578,91.785017,0.0002715431,-0.0048727300,GOOGL,0
2024-01-17,141.223884,91.624438,-0.0029841428,-0.0017495128,GOOGL,0
2024-01-18,140.315925,91.695672,-0.0064292154,0.0007774630,GOOGL,0
2024-01-19,139.013705,91.537260,-0.0092806307,-0.0017275872,GOOGL,0
2024-01-22,137.431306,91.510032,-0.0113830434,-0.0002974569,NVDA,1
2024-01-23,135.686238,93.363598,-0.0126977479,0.0202553340,NVDA,0
2024-01-24,133.891807,95.999015,-0.0132248586,0.0282274568,NVDA,0
2024-01-25,132.125141,96.516947,-0.0131947284,0.0053951803,NVDA,0
2024-01-26,130.474925,96.617297,-0.0124897945,0.0010397172,NVDA,0
2024-01-29,129.254984,95.328906,-0.0093500039,-0.0133349944,NVDA,0
2024-01-30,127.819723,94.252630,-0.0111041002,-0.0112901307,NVDA,0
2024-01-31,126.230654,91.785510,-0.0124321175,-0.0261756161,NVDA,0
2024-02-01,124.579264,89.703264,-0.0130823165,-0.0226859974,NVDA,0
2024-02-02,124.459686,89.256930,-0.0009598587,-0.0049756642,NVDA,0
2024-02-05,124.064786,92.188068,-0.0031729109,0.0328393260,AMZN,1
2024-02-06,123.392562,92.365915,-0.0054183281,0.0019291823,AMZN,0
2024-02-07,122.498396,92.571909,-0.0072465171,0.0022301877,AMZN,0
2024-02-08,123.032900,91.011442,0.0043633555,-0.0168568107,AMZN,0
2024-02-09,123.474300,89.530891,0.0035876596,-0.0162677431,AMZN,0
2024-02-12,122.873318,89.595189,-0.0048672654,0.0007181626,AMZN,0
2024-02-13,121.883564,89.514338,-0.0080550784,-0.0009023985,AMZN,0
2024-02-14,122.255193,89.831456,0.0030490521,0.0035426518,AMZN,0
2024-02-15,122.111001,90.025368,-0.0011794362,0.0021586150,AMZN,0
2024-02-16,123.504860,94.378340,0.0114146895,0.0483527322,AMZN,0
2024-02-19,124.339713,97.915597,0.0067596758,0.0374795395,AMZN,0
2024-02-20,126.939560,99.297613,0.0209092255,0.0141143560,AMZN,0
2024-02-21,128.996518,100.026975,0.0162042265,0.0073452120,AMZN,0
2024-02-22,127.622088,98.406284,-0.0106547805,-0.0162025351,AMZN,0
2024-02-23,126.505115,97.271900,-0.0087521941,-0.0115275579,AMZN,0
2024-02-26,131.215967,95.903745,0.0372384297,-0.0140652626,AMZN,0
2024-02-27,131.629972,94.204411,0.0031551468,-0.0177191676,AMZN,0
2024-02-28,134.701327,93.690134,0.0233332519,-0.0054591567,AMZN,0
2024-02-29,138.496678,92.759782,0.0281760429,-0.0099300935,AMZN,0
2024-03-01,140.544296,91.176067,0.0147845999,-0.0170732905,AMZN,0
2024-03-04,143.162412,89.618454,0.0186284077,-0.0170835722,AMZN,0
2024-03-05,143.933181,88.276209,0.0053838778,-0.0149773381,AMZN,0
2024-03-06,145.388134,86.834240,0.0101085297,-0.0163347415,AMZN,0
2024-03-07,145.339699,83.872865,-0.0003331459,-0.0341037617,NVDA,1
2024-03-08,144.981788,82.869903,-0.0024625817,-0.0119581295,NVDA,0
2024-03-11,144.720008,80.100569,-0.0018056055,-0.0334178502,NVDA,0
2024-03-12,144.757104,77.276967,0.0002563337,-0.0352507020,NVDA,0
2024-03-13,145.044935,78.133631,0.0019883720,0.0110856283,AMZN,1
2024-03-14,145.533446,78.834266,0.0033679980,0.0089671411,AMZN,0
2024-03-15,144.063790,79.396311,-0.0100984093,0.0071294474,AMZN,0
2024-03-18,142.894492,79.300088,-0.0081165307,-0.0012119391,AMZN,0
2024-03-19,142.052405,78.591861,-0.0058930682,-0.0089309742,AMZN,0
2024-03-20,141.536476,77.441321,-0.0036319654,-0.0146394198,AMZN,0
2024-03-21,139.672965,78.350836,-0.0131662936,0.0117445604,AMZN,0
2024-03-22,137.823773,79.148694,-0.0132394390,0.0101831526,AMZN,0
2024-03-25,140.811465,80.073577,0.0216776274,0.0116853766,AMZN,0
2024-03-26,144.410175,81.033941,0.0255569374,0.0119935299,AMZN,0
2024-03-27,148.882668,81.984947,0.0309707573,0.0117358916,AMZN,0
2024-03-28,149.193035,82.936898,0.0020846461,0.0116112913,AMZN,0
2024-03-29,149.752466,85.819678,0.0037497096,0.0347587106,AMZN,0
2024-04-01,150.422134,86.543183,0.0044718334,0.0084305271,AMZN,0
2024-04-02,151.116214,87.266542,0.0046142128,0.0083583647,AMZN,0
2024-04-03,151.762527,87.877727,0.0042769310,0.0070036560,AMZN,0
2024-04-04,152.283165,86.434727,0.0034306084,-0.0164205485,AMZN,0
2024-04-05,152.599321,84.930037,0.0020761077,-0.0174083877,AMZN,0
2024-04-08,152.352125,83.310771,-0.0016199088,-0.0190658887,AMZN,0
2024-04-09,152.412765,81.861939,0.0003980280,-0.0173906892,AMZN,0
2024-04-10,151.540293,80.179927,-0.0057244007,-0.0205469368,AMZN,0
2024-04-11,150.954540,78.566580,-0.0038653272,-0.0201215879,AMZN,0
2024-04-12,151.584641,77.767572,0.0041741094,-0.0101698182,AMZN,0
2024-04-15,152.281821,76.703720,0.0045992798,-0.0136798879,AMZN,0
2024-04-16,152.607826,76.620838,0.0021408010,-0.0010805432,AMZN,0
2024-04-17,153.103727,76.168342,0.0032495131,-0.0059056574,AMZN,0
2024-04-18,153.480832,78.240761,0.0024630628,0.0272084041,AMZN,0
2024-04-19,158.434996,79.587351,0.0322787200,0.0172108544,AMZN,0
2024-04-22,156.415835,81.150163,-0.0127444153,0.0196364279,AMZN,0
2024-04-23,154.626794,83.310773,-0.0114377219,0.0266248428,AMZN,0
2024-04-24,152.603409,83.976531,-0.0130856064,0.0079912663,AMZN,0
2024-04-25,150.577296,85.068105,-0.0132769821,0.0129985540,AMZN,0
2024-04-26,150.008064,84.823956,-0.0037803331,-0.0028700364,AMZN,0
2024-04-29,150.028754,85.306974,0.0001379275,0.0056943587,AMZN,0
2024-04-30,148.559261,83.898899,-0.0097947447,-0.0165059868,AMZN,0
2024-05-01,147.497206,83.054447,-0.0071490295,-0.0100651050,AMZN,0
2024-05-02,147.089632,81.715944,-0.0027632643,-0.0161159731,AMZN,0
2024-05-03,146.348061,80.575008,-0.0050416305,-0.0139622234,AMZN,0
2024-05-06,148.735903,80.054046,0.0163161852,-0.0064655511,AMZN,0
2024-05-07,150.454670,79.830760,0.0115558304,-0.0027891912,AMZN,0
2024-05-08,151.480004,79.816413,0.0068149058,-0.0001797140,AMZN,0
2024-05-09,151.836289,80.020592,0.0023520246,0.0025580992,AMZN,0
2024-05-10,151.558020,78.647648,-0.0018326873,-0.0171573807,AMZN,0
2024-05-13,150.823556,78.923208,-0.0048460936,0.0035037251,AMZN,0
2024-05-14,149.623787,83.699264,-0.0079547881,0.0605152376,NVDA,1
2024-05-15,148.059618,88.529815,-0.0104540127,0.0577131776,NVDA,0
2024-05-16,148.706145,88.197101,0.0043666728,-0.0037582160,NVDA,0
2024-05-17,149.392683,88.524035,0.0046167376,0.0037068633,NVDA,0
2024-05-20,149.993775,85.239572,0.0040235740,-0.0371025054,NVDA,0
2024-05-21,150.442766,81.993641,0.0029933965,-0.0380800900,NVDA,0
2024-05-22,150.666709,79.272803,0.0014885607,-0.0331835322,NVDA,0
2024-05-23,150.609336,76.471752,-0.0003807959,-0.0353343248,NVDA,0
2024-05-24,151.039690,74.113838,0.0028574172,-0.0308337906,NVDA,0
2024-05-27,151.658044,72.223097,0.0040939883,-0.0255113045,NVDA,0
2024-05-28,152.353013,69.881691,0.0045824728,-0.0324190695,NVDA,0
2024-05-29,153.038457,67.846599,0.0044990501,-0.0291219739,NVDA,0
2024-05-30,151.411018,69.615410,-0.0106341811,0.0260707484,AMZN,1
2024-05-31,149.581035,72.361481,-0.0120861958,0.0394463075,AMZN,0
2024-06-03,150.143897,73.495833,0.0037629244,0.0156761875,AMZN,0
2024-06-04,150.804800,75.041269,0.0044017963,0.0210275341,AMZN,0
2024-06-05,151.500526,76.935135,0.0046134211,0.0252376522,AMZN,0
2024-06-06,152.147337,79.312176,0.0042693628,0.0308966938,AMZN,0
2024-06-07,152.663232,78.237256,0.0033907609,-0.0135530324,AMZN,0
2024-06-10,152.977228,77.491050,0.0020567887,-0.0095377232,AMZN,0
2024-06-11,153.076821,77.208398,0.0006510310,-0.0036475426,AMZN,0
2024-06-12,152.869028,77.460947,-0.0013574428,0.0032710019,AMZN,0
2024-06-13,153.343526,76.177363,0.0031039476,-0.0165707273,AMZN,0
2024-06-14,154.527478,75.064852,0.0077209156,-0.0146042235,AMZN,0
2024-06-17,154.659618,73.754059,0.0008551197,-0.0174621399,AMZN,0
2024-06-18,154.172801,72.393177,-0.0031476647,-0.0184516233,AMZN,0
2024-06-19,153.163341,72.440675,-0.0065475856,0.0006561229,AMZN,0
2024-06-20,151.725495,72.343215,-0.0093876642,-0.0013453837,AMZN,0
2024-06-21,154.537661,71.439175,0.0185345597,-0.0124965420,AMZN,0
2024-06-24,156.669301,70.786648,0.0137936651,-0.0091340240,AMZN,0
2024-06-25,158.081410,70.381162,0.0090133097,-0.0057282756,AMZN,0
2024-06-26,158.918094,70.205916,0.0052927413,-0.0024899669,AMZN,0
2024-06-27,156.941309,70.141643,-0.0124390172,-0.0009154817,AMZN,0
2024-06-28,155.150625,70.098694,-0.0114099007,-0.0006123236,AMZN,0
2024-07-01,159.486211,71.304016,0.0279443713,0.0171946432,AMZN,0
2024-07-02,165.256605,73.136489,0.0361811448,0.0256994378,AMZN,0
2024-07-03,168.447378,73.113924,0.0193079906,-0.0003085404,AMZN,0
2024-07-04,172.496865,73.703614,0.0240400699,0.0080653710,AMZN,0
2024-07-05,173.291175,72.681381,0.0046047811,-0.0138695168,AMZN,0
2024-07-08,174.073797,71.946198,0.0045162285,-0.0101151539,AMZN,0
2024-07-09,174.611354,71.999428,0.0030880969,0.0007398633,AMZN,0
2024-07-10,175.341707,74.583364,0.0041827365,0.0358882826,NVDA,1
2024-07-11,175.567962,72.763940,0.0012903633,-0.0243945038,NVDA,0
2024-07-12,175.459898,72.644890,-0.0006155114,-0.0016361126,NVDA,0
2024-07-15,174.122159,74.546397,-0.0076241849,0.0261753784,NVDA,0
2024-07-16,172.353769,76.613753,-0.0101560339,0.0277324707,NVDA,0
2024-07-17,172.132613,77.640187,-0.0012831470,0.0133975209,NVDA,0
2024-07-18,171.268928,78.734327,-0.0050175560,0.0140924472,NVDA,0
2024-07-19,168.992282,78.673177,-0.0132928153,-0.0007766687,NVDA,0
2024-07-22,166.796888,78.386673,-0.0129910910,-0.0036416983,NVDA,0
2024-07-23,164.798518,79.430032,-0.0119808619,0.0133104140,NVDA,0
2024-07-24,162.653321,78.183313,-0.0130170851,-0.0156958093,NVDA,0
2024-07-25,166.776166,80.068613,0.0253474355,0.0241138296,NVDA,0
2024-07-26,170.229500,82.924904,0.0207063994,0.0356730491,NVDA,0
2024-07-29,171.254394,83.773132,0.0060206607,0.0102288688,NVDA,0
2024-07-30,173.078953,84.747747,0.0106540844,0.0116339767,NVDA,0
2024-07-31,175.597070,84.983047,0.0145489497,0.0027764833,NVDA,0
2024-08-01,178.982488,85.411470,0.0192794722,0.0050412749,NVDA,0
2024-08-02,177.461940,86.910226,-0.0084955173,0.0175474740,NVDA,0
2024-08-05,176.390205,88.427731,-0.0060392339,0.0174606041,NVDA,0
2024-08-06,175.941214,88.484964,-0.0025454422,0.0006472323,NVDA,0
2024-08-07,176.210721,88.572145,0.0015317981,0.0009852557,NVDA,0
2024-08-08,176.946220,87.353148,0.0041739779,-0.0137627565,NVDA,0
2024-08-09,177.760342,86.075701,0.0046009534,-0.0146239368,NVDA,0
2024-08-12,178.419936,83.159064,0.0037105823,-0.0338845501,NVDA,0
2024-08-13,179.210201,80.340993,0.0044292400,-0.0338877277,NVDA,0
2024-08-14,180.035956,77.433472,0.0046077449,-0.0361897479,NVDA,0
2024-08-15,180.794654,74.500837,0.0042141516,-0.0378729689,NVDA,0
2024-08-16,181.409059,72.875603,0.0033983560,-0.0218149741,NVDA,0
2024-08-19,181.571029,70.995136,0.0008928455,-0.0258037927,NVDA,0
2024-08-20,186.884230,69.777165,0.0292623806,-0.0171556925,NVDA,0
2024-08-21,191.395070,68.139467,0.0241370848,-0.0234704079,NVDA,0
2024-08-22,189.307242,68.116274,-0.0109084742,-0.0003403675,NVDA,0
2024-08-23,187.587430,67.751608,-0.0090847692,-0.0053535934,NVDA,0
2024-08-26,185.368432,67.760177,-0.0118291396,0.0001264775,NVDA,0
2024-08-27,182.981539,69.914747,-0.0128764801,0.0317969972,NVDA,0
2024-08-28,181.458917,70.529578,-0.0083211756,0.0087940081,NVDA,0
2024-08-29,179.598629,71.290919,-0.0102518434,0.0107946352,NVDA,0
2024-08-30,178.834130,72.156847,-0.0042567071,0.0121464023,NVDA,0
2024-09-02,177.664920,73.093496,-0.0065379586,0.0129807381,NVDA,0
2024-09-03,177.676957,73.820040,0.0000677513,0.0099399249,NVDA,0
2024-09-04,177.313968,74.490889,-0.0020429745,0.0090876345,NVDA,0
2024-09-05,177.847818,72.521947,0.0030107614,-0.0264319848,NVDA,0
2024-09-06,178.173833,70.426088,0.0018331132,-0.0288996546,NVDA,0
2024-09-09,178.982932,68.342093,0.0045410645,-0.0295912372,NVDA,0
2024-09-10,179.684993,66.340419,0.0039225070,-0.0292890388,NVDA,0
2024-09-11,180.433409,64.974317,0.0041651554,-0.0205923047,NVDA,0
2024-09-12,181.262607,63.847853,0.0045955902,-0.0173370601,NVDA,0
2024-09-13,181.589535,62.698705,0.0018036114,-0.0179982206,NVDA,0
2024-09-16,182.171770,61.305698,0.0032063278,-0.0222174793,NVDA,0
2024-09-17,181.862318,59.946421,-0.0016986843,-0.0221721225,NVDA,0
2024-09-18,181.859701,58.551841,-0.0000143875,-0.0232637742,NVDA,0
2024-09-19,180.730809,59.245761,-0.0062074907,0.0118513833,NVDA,0
2024-09-20,180.026914,60.579104,-0.0038947177,0.0225052956,NVDA,0
2024-09-23,180.439101,59.984873,0.0022895880,-0.0098091756,NVDA,0
2024-09-24,180.542383,58.871522,0.0005723951,-0.0185605390,NVDA,0
2024-09-25,180.359792,58.728999,-0.0010113503,-0.0024209090,NVDA,0
2024-09-26,179.782274,58.033898,-0.0032020325,-0.0118357319,NVDA,0
2024-09-27,178.793246,59.275871,-0.0055012539,0.0214008084,AAPL,1
2024-09-30,177.414598,59.205776,-0.0077108505,-0.0011825200,AAPL,0
2024-10-01,175.683294,59.144839,-0.0097585195,-0.0010292392,AAPL,0
2024-10-02,173.722480,59.081099,-0.0111610750,-0.0010776874,AAPL,0
2024-10-03,171.560406,58.876815,-0.0124455610,-0.0034576893,AAPL,0
2024-10-04,169.298802,58.487363,-0.0131825513,-0.0066146890,AAPL,0
2024-10-07,173.099167,57.591006,0.0224476740,-0.0153256551,AAPL,0
2024-10-08,176.174069,56.604401,0.0177638181,-0.0171312423,AAPL,0
2024-10-09,178.481499,55.609375,0.0130974438,-0.0175786001,AAPL,0
2024-10-10,180.120659,54.616557,0.0091839212,-0.0178534278,AAPL,0
2024-10-11,180.826142,54.957910,0.0039167271,0.0062499929,NVDA,1
2024-10-14,181.276444,55.459234,0.0024902462,0.0091219618,NVDA,0
2024-10-15,187.458657,55.824384,0.0341037853,0.0065841231,NVDA,0
2024-10-16,192.571829,56.166335,0.0272762654,0.0061254712,NVDA,0
2024-10-17,193.196082,55.970687,0.0032416646,-0.0034833674,NVDA,0
2024-10-18,193.977223,56.440552,0.0040432574,0.0083948365,NVDA,0
2024-10-21,193.001743,54.799700,-0.0050288423,-0.0290722057,NVDA,0
2024-10-22,192.394247,53.606282,-0.0031476187,-0.0217778224,NVDA,0
2024-10-23,190.597379,52.545524,-0.0093395075,-0.0197879369,NVDA,0
2024-10-24,189.215930,51.874966,-0.0072479969,-0.0127614701,NVDA,0
2024-10-25,186.864642,51.974229,-0.0124264771,0.0019134958,AAPL,1
2024-10-28,184.786051,51.919585,-0.0111235152,-0.0010513705,AAPL,0
2024-10-29,182.332120,51.844346,-0.0132798467,-0.0014491392,AAPL,0
2024-10-30,179.946743,51.763267,-0.0130825951,-0.0015638850,AAPL,0
2024-10-31,177.886845,50.985098,-0.0114472649,-0.0150332366,AAPL,0
2024-11-01,175.616980,50.362564,-0.0127601639,-0.0122101126,AAPL,0
2024-11-04,175.044385,49.738286,-0.0032604757,-0.0123956752,AAPL,0
2024-11-05,175.034120,49.046678,-0.0000586405,-0.0139049477,AAPL,0
2024-11-06,173.378204,48.633796,-0.0094605358,-0.0084181502,AAPL,0
2024-11-07,172.213782,48.122422,-0.0067160768,-0.0105147769,AAPL,0
2024-11-08,170.042619,47.867017,-0.0126073702,-0.0053074114,AAPL,0
2024-11-11,168.084208,48.913941,-0.0115171800,0.0218715184,NVDA,1
2024-11-12,165.873084,49.654905,-0.0131548582,0.0151483303,NVDA,0
2024-11-13,163.676041,50.100549,-0.0132453249,0.0089748059,NVDA,0
2024-11-14,161.863137,50.278584,-0.0110761746,0.0035535697,NVDA,0
2024-11-15,159.854857,50.024841,-0.0124072681,-0.0050467439,NVDA,0
2024-11-18,158.200219,51.476195,-0.0103508795,0.0290126613,NVDA,0
2024-11-19,156.869262,53.227478,-0.0084131160,0.0340212266,NVDA,0
2024-11-20,155.894667,53.800692,-0.0062127875,0.0107691372,NVDA,0
2024-11-21,155.278330,54.321946,-0.0039535462,0.0096886085,NVDA,0
2024-11-22,155.013847,55.024280,-0.0017032854,0.0129291080,NVDA,0
2024-11-25,155.010967,55.726850,-0.0000185761,0.0127683473,NVDA,0
2024-11-26,155.284035,56.199533,0.0017616018,0.0084821555,NVDA,0
2024-11-27,155.781530,56.768071,0.0032037782,0.0101164064,NVDA,0
2024-11-28,154.929595,55.350380,-0.0054687805,-0.0249733734,NVDA,0
2024-11-29,153.611640,53.824192,-0.0085068015,-0.0275732168,NVDA,0
2024-12-02,153.052556,56.165697,-0.0036395956,0.0435028243,NVDA,0
2024-12-03,153.090684,58.196681,0.0002491167,0.0361605894,NVDA,0
2024-12-04,153.800604,58.267875,0.0046372500,0.0012233224,NVDA,0
2024-12-05,155.227197,61.730170,0.0092756070,0.0594203130,NVDA,0
2024-12-06,153.254507,61.558866,-0.0127084053,-0.0027750500,NVDA,0
2024-12-09,151.514834,61.333467,-0.0113515288,-0.0036615098,NVDA,0
2024-12-10,150.108852,61.352820,-0.0092795036,0.0003155331,NVDA,0
2024-12-11,149.141213,61.508691,-0.0064462478,0.0025405644,NVDA,0
2024-12-12,154.252094,59.876036,0.0342687383,-0.0265434841,NVDA,0
2024-12-13,154.691308,57.932262,0.0028473791,-0.0324633085,NVDA,0
2024-12-16,152.776725,58.616478,-0.0123768005,0.0118106166,NVDA,0
2024-12-17,150.764042,59.266243,-0.0131740175,0.0110850340,NVDA,0
2024-12-18,149.491142,61.216626,-0.0084429950,0.0329088401,NVDA,0
2024-12-19,147.878518,61.431963,-0.0107874168,0.0035176126,NVDA,0
2024-12-20,146.153464,62.469737,-0.0116653490,0.0168930701,NVDA,0
2024-12-23,144.688510,63.457117,-0.0100233971,0.0158057223,NVDA,0
2024-12-24,142.767487,63.488857,-0.0132769519,0.0005001806,NVDA,0
2024-12-25,140.944784,63.494881,-0.0127669356,0.0000948882,NVDA,0
2024-12-26,143.118869,62.065680,0.0154250862,-0.0225089216,NVDA,0
2024-12-27,144.652909,60.329221,0.0107186381,-0.0279777557,NVDA,0
2024-12-30,144.962432,58.789336,0.0021397661,-0.0255247002,NVDA,0
2024-12-31,145.021613,57.160506,0.0004082471,-0.0277062213,NVDA,0
2025-01-01,145.628067,56.359677,0.0041818180,-0.0140101693,NVDA,0
2025-01-02,146.129564,55.541472,0.0034436879,-0.0145175647,NVDA,0
2025-01-03,145.292890,55.429064,-0.0057255637,-0.0020238546,NVDA,0
2025-01-06,144.138201,54.850209,-0.0079473186,-0.0104431738,NVDA,0
2025-01-07,143.900860,56.300466,-0.0016466258,0.0264403156,AAPL,1
2025-01-08,143.346402,56.422224,-0.0038530539,0.0021626537,AAPL,0
2025-01-09,141.523110,56.638120,-0.0127194792,0.0038264299,AAPL,0
2025-01-10,139.652940,56.701105,-0.0132145950,0.0011120631,AAPL,0
2025-01-13,139.937318,56.507119,0.0020363217,-0.0034212068,AAPL,0
2025-01-14,144.253897,55.960819,0.0308465161,-0.0096677982,AAPL,0
2025-01-15,147.928188,55.135131,0.0254710048,-0.0147547555,AAPL,0
2025-01-16,150.992717,54.102858,0.0207163282,-0.0187225977,AAPL,0
2025-01-17,151.640107,54.959379,0.0042875586,0.0158313397,AAPL,0
2025-01-20,152.339956,55.523677,0.0046151955,0.0102675546,AAPL,0
2025-01-21,153.006243,56.842595,0.0043736846,0.0237541446,NVDA,1
2025-01-22,153.543338,58.683483,0.0035102784,0.0323857117,NVDA,0
2025-01-23,153.347757,57.250981,-0.0012737822,-0.0244106409,NVDA,0
2025-01-24,152.579564,55.819188,-0.0050094795,-0.0250090564,NVDA,0
2025-01-27,152.217810,54.908486,-0.0023709213,-0.0163152117,NVDA,0
2025-01-28,151.507682,53.869148,-0.0046652101,-0.0189285534,NVDA,0
2025-01-29,150.462793,52.654437,-0.0068966086,-0.0225493009,NVDA,0
2025-01-30,149.104875,51.222138,-0.0090249393,-0.0272018641,NVDA,0
2025-01-31,147.484225,50.214400,-0.0108691963,-0.0196738662,NVDA,0
2025-02-03,145.710276,49.870784,-0.0120280646,-0.0068429786,AAPL,1
2025-02-04,143.817734,50.386393,-0.0129883875,0.0103388960,AAPL,0
2025-02-05,141.905537,50.907775,-0.0132959727,0.0103476765,AAPL,0
2025-02-06,142.344229,50.917501,0.0030914330,0.0001910441,AAPL,0
2025-02-07,142.942269,51.312633,0.0042013644,0.0077602486,AAPL,0
2025-02-10,142.941328,51.985010,-0.0000065790,0.0131035357,AAPL,0
2025-02-11,143.201411,54.371836,0.0018195037,0.0459137381,AAPL,0
2025-02-12,142.583248,55.579718,-0.0043167334,0.0222152043,AAPL,0
2025-02-13,142.289257,56.611586,-0.0020618949,0.0185655536,AAPL,0
2025-02-14,141.100983,57.035292,-0.0083511105,0.0074844337,AAPL,0
2025-02-17,140.228154,57.340395,-0.0061858489,0.0053493867,AAPL,0
2025-02-18,138.564534,57.891841,-0.0118636635,0.0096170597,AAPL,0
2025-02-19,137.136055,58.387499,-0.0103091276,0.0085617851,AAPL,0
2025-02-20,141.856431,58.387410,0.0344211160,-0.0000015165,AAPL,0
2025-02-21,145.727287,58.140658,0.0272871397,-0.0042261301,AAPL,0
2025-02-24,143.799801,58.053251,-0.0132266649,-0.0015033671,AAPL,0
2025-02-25,141.998990,57.761820,-0.0125230465,-0.0050200556,AAPL,0
2025-02-26,140.227955,58.017306,-0.0124721612,0.0044230881,AAPL,0
2025-02-27,138.379262,58.120540,-0.0131834850,0.0017793590,AAPL,0
2025-02-28,137.028331,58.242068,-0.0097625241,0.0020909650,AAPL,0
2025-03-03,135.498495,58.213968,-0.0111643785,-0.0004824648,AAPL,0
2025-03-04,134.752425,58.519609,-0.0055061105,0.0052503100,AAPL,0
2025-03-05,133.705880,58.756468,-0.0077664344,0.0040475116,AAPL,0
2025-03-06,134.931181,57.412656,0.0091641558,-0.0228708740,AAPL,0
2025-03-07,136.809187,56.143457,0.0139182522,-0.0221066184,AAPL,0
2025-03-10,137.290330,55.606908,0.0035168858,-0.0095567491,AAPL,0
2025-03-11,137.868537,55.235319,0.0042115662,-0.0066824175,AAPL,0
2025-03-12,137.936370,54.428788,0.0004920158,-0.0146017194,AAPL,0
2025-03-13,138.240851,53.775721,0.0022073958,-0.0119985648,AAPL,0
2025-03-14,138.747039,53.650933,0.0036616422,-0.0023205252,AAPL,0
2025-03-17,139.001943,53.694748,0.0018371871,0.0008166598,AAPL,0
2025-03-18,139.642139,53.157253,0.0046056602,-0.0100101994,AAPL,0
2025-03-19,140.261361,52.840636,0.0044343487,-0.0059562236,AAPL,0
2025-03-20,143.249934,52.815027,0.0213071739,-0.0004846418,AAPL,0
2025-03-21,145.637012,52.852021,0.0166637288,0.0007004410,AAPL,0
2025-03-24,143.864009,52.676242,-0.0121741238,-0.0033258638,AAPL,0
2025-03-25,141.985408,52.570129,-0.0130581750,-0.0020144545,AAPL,0
2025-03-26,140.669942,54.066425,-0.0092647925,0.0284628725,AAPL,0
2025-03-27,139.155266,56.294319,-0.0107675898,0.0412065950,AAPL,0
2025-03-28,137.511862,56.270374,-0.0118098620,-0.0004253565,AAPL,0
2025-03-31,136.149312,56.138445,-0.0099085957,-0.0023445502,AAPL,0
2025-04-01,134.340514,56.300829,-0.0132854025,0.0028925589,AAPL,0
2025-04-02,132.622452,56.385772,-0.0127888557,0.0015087491,AAPL,0
2025-04-03,132.973058,56.448877,0.0026436339,0.0011191640,AAPL,0
2025-04-04,133.111663,56.756992,0.0010423589,0.0054583033,AAPL,0
2025-04-07,131.362516,56.665743,-0.0131404508,-0.0016077231,AAPL,0
2025-04-08,129.739620,56.412318,-0.0123543315,-0.0044722818,AAPL,0
2025-04-09,128.271274,55.977631,-0.0113176359,-0.0077055292,AAPL,0
2025-04-10,127.043330,55.391826,-0.0095730238,-0.0104649910,AAPL,0
2025-04-11,125.831730,56.694819,-0.0095369062,0.0235232017,AAPL,0
2025-04-14,124.417701,57.688225,-0.0112374623,0.0175219921,AAPL,0
2025-04-15,122.845120,58.335151,-0.0126395205,0.0112141844,AAPL,0
2025-04-16,121.216785,58.611186,-0.0132551874,0.0047318803,AAPL,0
2025-04-17,121.811334,58.328304,0.0049048367,-0.0048264206,AAPL,0
2025-04-18,121.874726,60.137955,0.0005204151,0.0310252608,AAPL,0
2025-04-21,122.763791,59.925920,0.0072949027,-0.0035258128,AAPL,0
2025-04-22,124.246304,59.812639,0.0120761424,-0.0018903394,AAPL,0
2025-04-23,126.327413,59.770466,0.0167498670,-0.0007050944,AAPL,0
2025-04-24,128.925758,59.782442,0.0205683418,0.0002003686,AAPL,0
2025-04-25,132.186389,59.770324,0.0252907657,-0.0002027022,AAPL,0
2025-04-28,136.235317,59.617774,0.0306304409,-0.0025522597,AAPL,0
2025-04-29,136.502787,59.307178,0.0019632979,-0.0052097962,AAPL,0
2025-04-30,137.007219,58.832340,0.0036953965,-0.0080064220,AAPL,0
2025-05-01,137.603608,57.991735,0.0043529725,-0.0142881424,NVDA,1
2025-05-02,138.238858,56.709777,0.0046165250,-0.0221058798,NVDA,0
2025-05-05,136.547452,58.405784,-0.0122353892,0.0299067942,NVDA,0
2025-05-06,134.768952,60.681421,-0.0130247743,0.0389625284,NVDA,0
2025-05-07,133.664769,61.481589,-0.0081931605,0.0131863698,NVDA,0
2025-05-08,132.247246,62.928659,-0.0106050545,0.0235366494,NVDA,0
2025-05-09,132.065112,63.001260,-0.0013772273,0.0011536957,NVDA,0
2025-05-12,131.397048,63.031577,-0.0050585922,0.0004812054,NVDA,0
2025-05-13,132.255122,66.350905,0.0065303896,0.0526613637,NVDA,0
2025-05-14,132.524114,65.921524,0.0020338853,-0.0064713752,NVDA,0
2025-05-15,131.961799,66.526530,-0.0042431121,0.0091776797,NVDA,0
2025-05-16,131.702365,67.219211,-0.0019659826,0.0104121016,NVDA,0
2025-05-19,131.960596,65.846775,0.0019607200,-0.0204173181,NVDA,0
2025-05-20,131.985438,64.381785,0.0001882518,-0.0222484778,NVDA,0
2025-05-21,132.526550,63.769170,0.0040997867,-0.0095153435,NVDA,0
2025-05-22,132.939745,62.819464,0.0031178233,-0.0148928692,NVDA,0
2025-05-23,133.538062,61.471375,0.0045006693,-0.0214597277,NVDA,0
2025-05-26,134.149709,60.235041,0.0045803129,-0.0201123639,NVDA,0
2025-05-27,134.508481,58.709959,0.0026744149,-0.0253188543,NVDA,0
2025-05-28,135.023988,58.707679,0.0038325268,-0.0000388332,NVDA,0
2025-05-29,133.293666,60.212709,-0.0128149221,0.0256360050,NVDA,0
2025-05-30,131.527652,61.254592,-0.0132490501,0.0173033768,NVDA,0
2025-06-02,131.833573,66.144349,0.0023259095,0.0798267758,NVDA,0
2025-06-03,136.010683,66.662612,0.0316847243,0.0078353313,NVDA,0
2025-06-04,139.534976,67.463465,0.0259118845,0.0120135286,NVDA,0
2025-06-05,142.500319,68.329215,0.0212516091,0.0128328769,NVDA,0
2025-06-06,144.981867,69.125925,0.0174143295,0.0116598684,NVDA,0
2025-06-09,146.817457,69.901852,0.0126608250,0.0112248278,NVDA,0
2025-06-10,147.992848,72.079144,0.0080057979,0.0311478469,NVDA,0
2025-06-11,148.492148,72.312133,0.0033738126,0.0032324117,NVDA,0
2025-06-12,148.371561,73.157238,-0.0008120739,0.0116869070,NVDA,0
2025-06-13,147.787340,74.922061,-0.0039375579,0.0241236879,NVDA,0
2025-06-16,147.336882,74.601165,-0.0030480140,-0.0042830622,NVDA,0
2025-06-17,146.618747,73.513540,-0.0048740997,-0.0145791913,NVDA,0
2025-06-18,145.570317,72.901425,-0.0071507217,-0.0083265638,NVDA,0
2025-06-19,144.223382,71.793944,-0.0092528161,-0.0151914819,NVDA,0
2025-06-20,144.775047,75.007769,0.0038250755,0.0447645600,NVDA,0
2025-06-23,145.158965,77.335409,0.0026518251,0.0310319861,NVDA,0
2025-06-24,145.316399,77.760653,0.0010845594,0.0054987021,NVDA,0
2025-06-25,145.191902,79.580930,-0.0008567283,0.0234087206,NVDA,0
2025-06-26,145.665721,78.193054,0.0032633996,-0.0174398083,NVDA,0
2025-06-27,146.286803,76.998021,0.0042637482,-0.0152831163,NVDA,0
2025-06-30,146.222339,78.625699,-0.0004406696,0.0211392279,NVDA,0
2025-07-01,146.429701,80.303637,0.0014181292,0.0213408316,NVDA,0
2025-07-02,145.780045,83.330253,-0.0044366400,0.0376896408,NVDA,0
2025-07-03,145.401883,83.902408,-0.0025940628,0.0068661224,NVDA,0
2025-07-04,146.053154,84.948173,0.0044791142,0.0124640609,NVDA,0
2025-07-07,146.723579,85.997485,0.0045902747,0.0123523733,NVDA,0
2025-07-08,147.154978,86.916025,0.0029402213,0.0106810161,NVDA,0
2025-07-09,147.743567,87.958177,0.0039997898,0.0119903271,NVDA,0
2025-07-10,145.779115,85.862340,-0.0132963666,-0.0238276521,NVDA,0
2025-07-11,143.895531,83.689856,-0.0129208044,-0.0253019394,NVDA,0
2025-07-14,142.004901,87.321664,-0.0131389125,0.0433960367,NVDA,0
2025-07-15,140.231057,90.150096,-0.0124914227,0.0323909476,NVDA,0
2025-07-16,138.452838,89.568850,-0.0126806380,-0.0064475260,NVDA,0
2025-07-17,136.617049,94.348687,-0.0132593075,0.0533649372,NVDA,0
2025-07-18,135.832543,95.315965,-0.0057423740,0.0102521651,NVDA,0
2025-07-21,135.543391,95.914925,-0.0021287378,0.0062839409,NVDA,0
2025-07-22,134.055143,96.225117,-0.0109798678,0.0032340369,NVDA,0
2025-07-23,132.883431,96.369455,-0.0087405169,0.0014999991,NVDA,0
2025-07-24,134.237525,96.732762,0.0101900840,0.0037699396,NVDA,0
2025-07-25,136.244526,96.155129,0.0149511171,-0.0059714279,NVDA,0
2025-07-28,136.853797,95.019190,0.0044718944,-0.0118136056,NVDA,0
2025-07-29,137.376045,94.209251,0.0038161045,-0.0085239603,NVDA,0
2025-07-30,137.739625,94.007958,0.0026465995,-0.0021366563,NVDA,0
2025-07-31,137.883723,94.202283,0.0010461657,0.0020671158,NVDA,0
2025-08-01,143.339002,94.658904,0.0395643409,0.0048472342,NVDA,0
2025-08-04,143.808778,95.445542,0.0032773781,0.0083102384,NVDA,0
2025-08-05,144.422295,96.147487,0.0042661986,0.0073544049,NVDA,0
2025-08-06,145.085822,97.120691,0.0045943588,0.0101219978,NVDA,0
2025-08-07,143.742302,94.897293,-0.0092601804,-0.0228931484,NVDA,0
2025-08-08,142.200708,92.530798,-0.0107247031,-0.0249374390,NVDA,0
2025-08-11,143.888193,90.153642,0.0118669206,-0.0256904276,NVDA,0
2025-08-12,145.042805,88.261077,0.0080243698,-0.0209926575,NVDA,0
2025-08-13,145.538458,87.496280,0.0034172914,-0.0086651749,NVDA,0
2025-08-14,145.422474,87.300997,-0.0007969303,-0.0022318973,NVDA,0
2025-08-15,144.750984,84.806966,-0.0046175151,-0.0285681833,NVDA,0
2025-08-18,143.619171,82.262488,-0.0078190322,-0.0300031671,NVDA,0
2025-08-19,142.201327,80.385701,-0.0098722461,-0.0228146254,NVDA,0
2025-08-20,140.522852,78.710731,-0.0118035134,-0.0208366564,NVDA,0
2025-08-21,141.170088,82.935841,0.0046059102,0.0536789499,NVDA,0
2025-08-22,141.795945,88.203766,0.0044333575,0.0635180752,NVDA,0
2025-08-25,142.704783,88.205598,0.0064094766,0.0000207735,NVDA,0
2025-08-26,144.290419,88.525579,0.0111113062,0.0036276686,NVDA,0
2025-08-27,144.083365,87.714662,-0.0014349830,-0.0091602572,NVDA,0
2025-08-28,144.474645,87.233130,0.0027156487,-0.0054897534,NVDA,0
2025-08-29,143.280470,85.477011,-0.0082656382,-0.0201313311,NVDA,0
2025-09-01,142.539957,86.158441,-0.0051682710,0.0079720822,NVDA,0
2025-09-02,140.824556,85.716439,-0.0120345332,-0.0051300982,NVDA,0
2025-09-03,139.328693,85.125149,-0.0106221706,-0.0068982167,NVDA,0
2025-09-04,137.477120,82.215579,-0.0132892423,-0.0341799112,NVDA,0
2025-09-05,135.685758,79.520893,-0.0130302563,-0.0327758560,NVDA,0
2025-09-08,134.295220,78.339103,-0.0102482255,-0.0148613788,NVDA,0
2025-09-09,133.184947,77.868792,-0.0082674026,-0.0060035280,NVDA,0
2025-09-10,131.472595,76.610725,-0.0128569484,-0.0161562303,NVDA,0
2025-09-11,129.921914,75.945844,-0.0117947088,-0.0086786993,NVDA,0
2025-09-12,128.216431,73.208561,-0.0131269919,-0.0360425623,NVDA,0
2025-09-15,126.515848,70.715373,-0.0132633766,-0.0340559712,NVDA,0
2025-09-16,125.179703,68.653794,-0.0105610851,-0.0291531945,NVDA,0
2025-09-17,123.648681,68.699223,-0.0122305914,0.0006617152,AAPL,1
2025-09-18,122.948530,68.836769,-0.0056624256,0.0020021496,AAPL,0
2025-09-19,121.942523,68.965417,-0.0081823449,0.0018688831,AAPL,0
2025-09-22,121.513441,70.574981,-0.0035187158,0.0233387160,AAPL,0
2025-09-23,121.572280,72.750861,0.0004842162,0.0308307478,AAPL,0
2025-09-24,122.154112,76.216928,0.0047858944,0.0476429803,AAPL,0
2025-09-25,123.306124,76.397018,0.0094308071,0.0023628563,AAPL,0
2025-09-26,124.948387,76.271173,0.0133185792,-0.0016472476,AAPL,0
2025-09-29,127.198616,76.151279,0.0180092738,-0.0015719425,AAPL,0
2025-09-30,130.088440,76.016212,0.0227189857,-0.0017736714,AAPL,0
2025-10-01,133.671739,75.845688,0.0275451030,-0.0022432557,AAPL,0
2025-10-02,132.166560,75.793447,-0.0112602618,-0.0006887864,AAPL,0
2025-10-03,130.509105,76.223344,-0.0125406546,0.0056719634,AAPL,0
2025-10-06,129.194623,76.852589,-0.0100719616,0.0082552689,AAPL,0
2025-10-07,128.098866,76.893827,-0.0084814394,0.0005365946,AAPL,0
2025-10-08,127.286750,76.620159,-0.0063397653,-0.0035590403,AAPL,0
2025-10-09,126.773970,76.119137,-0.0040285370,-0.0065390365,AAPL,0
2025-10-10,125.105334,75.299603,-0.0131622916,-0.0107664589,NVDA,1
2025-10-13,123.443669,74.108354,-0.0132821265,-0.0158201252,NVDA,0
2025-10-14,121.864940,75.857221,-0.0127890681,0.0235987846,AAPL,1
2025-10-15,120.439819,75.170853,-0.0116942662,-0.0090481595,AAPL,0
2025-10-16,120.936438,74.506826,0.0041233818,-0.0088335670,AAPL,0
2025-10-17,121.490987,74.134892,0.0045854569,-0.0049919465,AAPL,0
2025-10-20,121.167713,71.914527,-0.0026608859,-0.0299503380,NVDA,1
2025-10-21,120.569543,69.619029,-0.0049367115,-0.0319198124,NVDA,0
2025-10-22,120.734274,67.434637,0.0013662690,-0.0313763702,NVDA,0
2025-10-23,120.667903,67.260832,-0.0005497217,-0.0025773825,AAPL,1
2025-10-24,119.367849,70.084832,-0.0107738198,0.0419858007,AAPL,0
2025-10-27,117.911641,70.410898,-0.0121993335,0.0046524583,AAPL,0
2025-10-28,117.110570,72.532300,-0.0067938217,0.0301288819,AAPL,0
2025-10-29,116.067308,75.149682,-0.0089083494,0.0360857423,AAPL,0
2025-10-30,114.565640,75.676581,-0.0129379116,0.0070113349,AAPL,0
2025-10-31,113.212274,76.223056,-0.0118130156,0.0072211917,AAPL,0
2025-11-03,113.423717,77.301308,0.0018676704,0.0141459985,AAPL,0
2025-11-04,116.886977,78.330227,0.0305338209,0.0133105022,AAPL,0
2025-11-05,117.406447,79.449918,0.0044442114,0.0142945004,AAPL,0
2025-11-06,117.836849,80.554470,0.0036659111,0.0139024930,AAPL,0
2025-11-07,119.805908,81.169690,0.0167100496,0.0076373160,AAPL,0
2025-11-10,121.230980,81.655858,0.0118948333,0.0059895165,AAPL,0
2025-11-11,124.278407,82.265735,0.0251373633,0.0074688794,AAPL,0
2025-11-12,126.928602,82.928461,0.0213246584,0.0080559166,AAPL,0
2025-11-13,126.786280,81.743360,-0.0011212756,-0.0142906412,AAPL,0
2025-11-14,126.847765,80.718975,0.0004849519,-0.0125317237,AAPL,0
2025-11-17,127.339933,79.634578,0.0038799932,-0.0134342311,AAPL,0
2025-11-18,127.915458,78.769588,0.0045195959,-0.0108619894,AAPL,0
2025-11-19,128.504121,78.165948,0.0046019643,-0.0076633619,AAPL,0
2025-11-20,129.043255,77.802904,0.0041954606,-0.0046445312,AAPL,0
2025-11-21,131.917054,76.807465,0.0222700451,-0.0127943664,AAPL,0
2025-11-24,135.369897,75.673934,0.0261743533,-0.0147580808,AAPL,0
2025-11-25,139.691082,74.451399,0.0319213125,-0.0161552984,AAPL,0
2025-11-26,140.025558,73.201687,0.0023943998,-0.0167856116,AAPL,0
2025-11-27,140.531365,72.691623,0.0036122422,-0.0069679313,AAPL,0
2025-11-28,141.676292,71.891032,0.0081471307,-0.0110135154,AAPL,0
2025-12-01,141.866512,74.559603,0.0013426388,0.0371196611,AAPL,0
2025-12-02,141.481458,76.679364,-0.0027141990,0.0284304284,AAPL,0
2025-12-03,140.596124,78.356675,-0.0062575972,0.0218743359,AAPL,0
2025-12-04,139.385050,79.523878,-0.0086138524,0.0148960357,AAPL,0
2025-12-05,137.862665,81.413433,-0.0109221550,0.0237608442,AAPL,0
2025-12-08,136.146168,82.653332,-0.0124507705,0.0152296650,AAPL,0
2025-12-09,134.349392,83.277605,-0.0131974089,0.0075529059,AAPL,0
2025-12-10,132.574373,83.339938,-0.0132119571,0.0007484948,AAPL,0
2025-12-11,130.886962,82.935182,-0.0127280327,-0.0048566892,AAPL,0
2025-12-12,129.371808,83.564865,-0.0115760561,0.0075924732,AAPL,0
2025-12-15,129.773590,83.681339,0.0031056443,0.0013938166,AAPL,0
2025-12-16,130.305833,83.508408,0.0041013195,-0.0020665420,AAPL,0
2025-12-17,130.896482,82.995661,0.0045327863,-0.0061400661,AAPL,0
2025-12-18,131.493662,82.203745,0.0045622305,-0.0095416551,AAPL,0
2025-12-19,132.019417,80.841669,0.0039983288,-0.0165695079,AAPL,0
2025-12-22,132.371962,79.474550,0.0026704062,-0.0169110706,AAPL,0
2025-12-23,136.776253,79.898276,0.0332720799,0.0053315972,NVDA,1
2025-12-24,140.569769,80.526416,0.0277351946,0.0078617394,NVDA,0
2025-12-25,143.798860,85.750044,0.0229714508,0.0648685099,NVDA,0
2025-12-26,146.429266,93.112134,0.0182922596,0.0858552233,NVDA,0
2025-12-29,147.683216,98.454361,0.0085635159,0.0573741234,NVDA,0
2025-12-30,149.640623,102.768744,0.0132540957,0.0438211537,NVDA,0
2025-12-31,152.338482,107.513855,0.0180289184,0.0461727062,NVDA,0
2026-01-01,155.664361,111.080626,0.0218321695,0.0331749870,NVDA,0
2026-01-02,154.587396,111.950135,-0.0069185112,0.0078277253,NVDA,0
2026-01-05,154.049185,111.559215,-0.0034815930,-0.0034919099,NVDA,0
2026-01-06,154.111394,111.117403,0.0004038252,-0.0039603336,NVDA,0
2026-01-07,154.716952,109.543840,0.0039293538,-0.0141612707,NVDA,0
2026-01-08,152.665123,106.481598,-0.0132618252,-0.0279544831,NVDA,0
2026-01-09,150.731267,103.104571,-0.0126673080,-0.0317146597,NVDA,0
2026-01-12,151.427227,102.997017,0.0046172257,-0.0010431517,NVDA,0
2026-01-13,152.083977,102.604220,0.0043370657,-0.0038136684,NVDA,0
2026-01-14,152.618500,102.324117,0.0035146549,-0.0027299408,NVDA,0
2026-01-15,153.279677,102.036439,0.0043322210,-0.0028114335,NVDA,0
2026-01-16,153.411485,101.246547,0.0008599176,-0.0077412743,NVDA,0
2026-01-19,153.792486,100.903165,0.0024835270,-0.0033915426,NVDA,0
2026-01-20,153.280388,105.189777,-0.0033298009,0.0424824277,NVDA,0
2026-01-21,153.107171,110.854855,-0.0011300692,0.0538557885,NVDA,0
2026-01-22,154.935676,108.158086,0.0119426497,-0.0243270248,NVDA,0
2026-01-23,156.045852,105.582185,0.0071654006,-0.0238160823,NVDA,0
2026-01-26,154.654409,103.465628,-0.0089168858,-0.0200465334,NVDA,0
2026-01-27,152.988618,101.087288,-0.0107710537,-0.0229867664,NVDA,0
2026-01-28,152.297885,98.477224,-0.0045149300,-0.0258198949,NVDA,0
2026-01-29,151.267745,95.457660,-0.0067639808,-0.0306625633,NVDA,0
2026-01-30,151.190578,95.930841,-0.0005101341,0.0049569683,NVDA,0
2026-02-02,150.852007,95.567466,-0.0022393671,-0.0037878858,NVDA,0
2026-02-03,151.288823,96.425724,0.0028956564,0.0089806544,NVDA,0
2026-02-04,151.492900,96.204440,0.0013489249,-0.0022948668,NVDA,0
2026-02-05,150.307453,96.608850,-0.0078250994,0.0042036537,NVDA,0
2026-02-06,149.612288,97.288263,-0.0046249567,0.0070326115,NVDA,0
2026-02-09,148.767218,95.777483,-0.0056483959,-0.0155289018,NVDA,0
2026-02-10,147.480348,95.083773,-0.0086502253,-0.0072429344,NVDA,0
2026-02-11,145.872342,95.398624,-0.0109031905,0.0033113073,NVDA,0
2026-02-12,144.055825,96.326488,-0.0124527864,0.0097261789,NVDA,0
2026-02-13,145.559226,98.585221,0.0104362401,0.0234487151,NVDA,0
2026-02-16,146.396911,101.659952,0.0057549460,0.0311885585,NVDA,0
2026-02-17,146.584905,106.356904,0.0012841365,0.0462025777,NVDA,0
2026-02-18,146.185936,112.149318,-0.0027217575,0.0544620455,NVDA,0
2026-02-19,150.359883,121.818949,0.0285523129,0.0862210412,NVDA,0
2026-02-20,153.908725,123.585586,0.0236023204,0.0145021561,NVDA,0
2026-02-23,153.338637,121.066779,-0.0037040654,-0.0203810750,NVDA,0
2026-02-24,152.481498,119.195927,-0.0055898458,-0.0154530640,NVDA,0
2026-02-25,151.294887,117.209263,-0.0077819982,-0.0166672146,NVDA,0
2026-02-26,149.810770,116.002547,-0.0098094316,-0.0102953917,NVDA,0
2026-02-27,148.088952,112.367091,-0.0114932897,-0.0313394528,NVDA,0
2026-03-02,146.213185,108.976916,-0.0126664833,-0.0301705299,NVDA,0
2026-03-03,144.283851,105.137297,-0.0131953506,-0.0352333300,NVDA,0
2026-03-04,142.376644,101.782908,-0.0132184358,-0.0319048381,NVDA,0
2026-03-05,140.594774,103.397422,-0.0125151838,0.0158623311,NVDA,0
2026-03-06,139.046897,103.896381,-0.0110094946,0.0048256427,NVDA,0
