date,sp500,snp1,sp500Return,snp1Return,top1Ticker,holdingTicker,swapExecuted
2021-01-04,99.698612,100.000000,-0.0030138786,0.0000000000,AAPL,AAPL,0
2021-01-05,99.167821,100.508560,-0.0053239595,0.0050856047,AAPL,AAPL,0
2021-01-06,98.421084,100.956241,-0.0075300348,0.0044541532,AAPL,AAPL,0
2021-01-07,97.477315,101.286691,-0.0095890890,0.0032731991,AAPL,AAPL,0
2021-01-08,96.402151,102.005495,-0.0110298866,0.0070967256,AAPL,AAPL,0
2021-01-11,95.210312,102.612947,-0.0123632044,0.0059550914,AAPL,AAPL,0
2021-01-12,93.958582,103.003222,-0.0131469949,0.0038033684,AAPL,AAPL,0
2021-01-13,92.713342,103.096185,-0.0132530804,0.0009025261,AAPL,AAPL,0
2021-01-14,93.037491,102.565883,0.0034962554,-0.0051437585,AAPL,AAPL,0
2021-01-15,93.445027,102.582563,0.0043803396,0.0001626289,AAPL,AAPL,0
2021-01-18,93.691311,102.733706,0.0026355971,0.0014733809,AAPL,AAPL,0
2021-01-19,96.786617,102.417127,0.0330372838,-0.0030815543,AAPL,AAPL,0
2021-01-20,97.227739,102.002293,0.0045576738,-0.0040504349,AAPL,AAPL,0
2021-01-21,97.615465,102.729637,0.0039878113,0.0071306609,AAPL,AAPL,0
2021-01-22,99.392868,101.293915,0.0182082153,-0.0139757262,AAPL,AAPL,0
2021-01-25,100.725476,99.945653,0.0134074833,-0.0133103947,AAPL,AAPL,0
2021-01-26,103.509761,98.582337,0.0276423054,-0.0136405768,AAPL,AAPL,0
2021-01-27,105.870418,97.188825,0.0228061352,-0.0141355147,AAPL,AAPL,0
2021-01-28,105.930070,96.430604,0.0005634390,-0.0078015215,AAPL,AAPL,0
2021-01-29,105.573929,96.014129,-0.0033620332,-0.0043189119,AAPL,AAPL,0
2021-02-01,104.572772,95.451064,-0.0094830001,-0.0058643912,AAPL,AAPL,0
2021-02-02,103.875119,94.778190,-0.0066714579,-0.0070494198,AAPL,AAPL,0
2021-02-03,103.461105,93.990616,-0.0039856890,-0.0083096567,AAPL,AAPL,0
2021-02-04,103.451158,93.193991,-0.0000961447,-0.0084755808,AAPL,AAPL,0
2021-02-05,103.892040,91.482449,0.0042617473,-0.0183653601,AAPL,AAPL,0
2021-02-08,104.809223,89.592203,0.0088282278,-0.0206623895,AAPL,AAPL,0
2021-02-09,106.235338,87.610285,0.0136067679,-0.0221215515,AAPL,AAPL,0
2021-02-10,108.090520,85.642133,0.0174629496,-0.0224648480,AAPL,AAPL,0
2021-02-11,110.475797,85.247671,0.0220673968,-0.0046059310,AAPL,AAPL,0
2021-02-12,113.446775,85.113927,0.0268925753,-0.0015688899,AAPL,AAPL,0
2021-02-15,112.763327,88.500420,-0.0060243962,0.0397877693,AAPL,AAPL,0
2021-02-16,112.341928,93.006938,-0.0037370173,0.0509208637,AAPL,AAPL,0
2021-02-17,112.167903,96.921791,-0.0015490704,0.0420920448,AAPL,AAPL,0
2021-02-18,112.184092,100.163375,0.0001443260,0.0334453641,AAPL,AAPL,0
2021-02-19,110.760479,101.766174,-0.0126899645,0.0160018482,AAPL,AAPL,0
2021-02-22,109.485197,103.110496,-0.0115138762,0.0132099075,AAPL,AAPL,0
2021-02-23,108.370482,104.110358,-0.0101814198,0.0096969955,AAPL,AAPL,0
2021-02-24,107.477649,104.631584,-0.0082387141,0.0050064800,AAPL,AAPL,0
2021-02-25,106.294898,104.557429,-0.0110046183,-0.0007087270,AAPL,AAPL,0
2021-02-26,104.989863,104.827499,-0.0122774958,0.0025829799,AAPL,AAPL,0
2021-03-01,104.786288,104.409735,-0.0019390027,-0.0039852501,AAPL,AAPL,0
2021-03-02,105.017688,104.709145,0.0022083095,0.0028676390,AAPL,AAPL,0
2021-03-03,104.116578,103.254147,-0.0085805521,-0.0138956104,AAPL,AAPL,0
2021-03-04,103.533505,102.340142,-0.0056001984,-0.0088519953,AAPL,AAPL,0
2021-03-05,102.269717,102.142064,-0.0122065609,-0.0019354859,AAPL,AAPL,0
2021-03-08,101.193571,102.303964,-0.0105226292,0.0015850468,AAPL,AAPL,0
2021-03-09,99.850996,101.676983,-0.0132673890,-0.0061286091,AAPL,AAPL,0
2021-03-10,98.542451,101.230417,-0.0131049811,-0.0043920079,AAPL,AAPL,0
2021-03-11,102.501146,104.971046,0.0401724828,0.0369516329,AAPL,AAPL,0
2021-03-12,102.837141,109.557773,0.0032779659,0.0436951628,AAPL,AAPL,0
2021-03-15,101.727011,109.304725,-0.0107950263,-0.0023097223,AAPL,AAPL,0
2021-03-16,100.819404,108.951283,-0.0089219874,-0.0032335497,AAPL,AAPL,0
2021-03-17,99.501944,108.817118,-0.0130675216,-0.0012314225,AAPL,AAPL,0
2021-03-18,98.288663,108.642068,-0.0121935405,-0.0016086615,AAPL,AAPL,0
2021-03-19,97.017949,108.539482,-0.0129283894,-0.0009442543,AAPL,AAPL,0
2021-03-22,95.729248,108.691465,-0.0132831236,0.0014002529,AAPL,AAPL,0
2021-03-23,94.784325,107.960854,-0.0098707829,-0.0067218787,AAPL,AAPL,0
2021-03-24,93.667319,107.578156,-0.0117847104,-0.0035447826,AAPL,AAPL,0
2021-03-25,94.021081,108.623842,0.0037767872,0.0097202438,AAPL,AAPL,0
2021-03-26,94.440821,108.814064,0.0044643238,0.0017512040,AAPL,AAPL,0
2021-03-29,94.848566,110.406264,0.0043174608,0.0146322933,AAPL,AAPL,0
2021-03-30,95.180479,112.758322,0.0034993970,0.0213036640,AAPL,AAPL,0
2021-03-31,95.388178,116.141864,0.0021821649,0.0300070285,AAPL,AAPL,0
2021-04-01,95.432125,118.500102,0.0004607192,0.0203048091,AAPL,AAPL,0
2021-04-02,95.612334,117.147133,0.0018883393,-0.0114174501,AAPL,AAPL,0
2021-04-05,95.964202,116.226469,0.0036801552,-0.0078590433,AAPL,AAPL,0
2021-04-06,96.390471,115.775725,0.0044419628,-0.0038781549,AAPL,AAPL,0
2021-04-07,96.834222,115.854085,0.0046036774,0.0006768312,AAPL,AAPL,0
2021-04-08,98.455420,113.324444,0.0167419929,-0.0218347191,AAPL,AAPL,0
2021-04-09,100.560820,110.935955,0.0213842992,-0.0210765575,AAPL,AAPL,0
2021-04-12,101.906174,108.523645,0.0133785154,-0.0217450628,AAPL,AAPL,0
2021-04-13,102.876092,106.273442,0.0095177509,-0.0207346871,AAPL,AAPL,0
2021-04-14,103.374336,104.281805,0.0048431490,-0.0187406777,AAPL,AAPL,0
2021-04-15,103.427411,102.611112,0.0005134272,-0.0160209439,AAPL,AAPL,0
2021-04-16,103.068311,101.899146,-0.0034720063,-0.0069384868,AAPL,AAPL,0
2021-04-19,102.420839,101.268916,-0.0062819663,-0.0061848402,AAPL,AAPL,0
2021-04-20,101.488109,100.731201,-0.0091068380,-0.0053097740,AAPL,AAPL,0
2021-04-21,100.343086,100.325699,-0.0112823413,-0.0040255867,AAPL,AAPL,0
2021-04-22,99.074610,100.388130,-0.0126413867,0.0006222832,AAPL,AAPL,0
2021-04-23,97.761030,100.674811,-0.0132584936,0.0028557211,AAPL,AAPL,0
2021-04-26,96.929343,101.240025,-0.0085073475,0.0056142590,AAPL,AAPL,0
2021-04-27,95.918338,101.900264,-0.0104303264,0.0065215198,AAPL,AAPL,0
2021-04-28,95.487859,105.556626,-0.0044879701,0.0358817722,AAPL,AAPL,0
2021-04-29,94.839498,110.227895,-0.0067899884,0.0442536809,AAPL,AAPL,0
2021-04-30,93.578389,110.917951,-0.0132972937,0.0062602610,AAPL,AAPL,0
2021-05-03,92.356542,111.566235,-0.0130569381,0.0058447220,AAPL,AAPL,0
2021-05-04,91.251921,113.766861,-0.0119603988,0.0197248388,AAPL,AAPL,0
2021-05-05,90.071054,116.382003,-0.0129407316,0.0229868511,AAPL,AAPL,0
2021-05-06,89.363208,115.479436,-0.0078587580,-0.0077552119,AAPL,AAPL,0
2021-05-07,88.946233,114.157849,-0.0046660713,-0.0114443522,AAPL,AAPL,0
2021-05-10,89.356932,114.721054,0.0046173873,0.0049335649,AAPL,AAPL,0
2021-05-11,89.745091,114.474457,0.0043439116,-0.0021495319,AAPL,AAPL,0
2021-05-12,90.076769,116.741558,0.0036957797,0.0198044251,AAPL,AAPL,0
2021-05-13,90.475115,118.221643,0.0044222998,0.0126783040,AAPL,AAPL,0
2021-05-14,93.130644,118.592554,0.0293509315,0.0031374181,AAPL,AAPL,0
2021-05-17,95.468344,118.449087,0.0251012962,-0.0012097472,AAPL,AAPL,0
2021-05-18,95.794722,117.418122,0.0034187045,-0.0087038643,AAPL,AAPL,0
2021-05-19,95.892202,115.987692,0.0010175937,-0.0121823637,AAPL,AAPL,0
2021-05-20,95.182745,120.663306,-0.0073984883,0.0403112973,AAPL,AAPL,0
2021-05-21,94.690361,124.027332,-0.0051730334,0.0278794414,AAPL,AAPL,0
2021-05-24,93.470995,122.631976,-0.0128774009,-0.0112503874,AAPL,AAPL,0
2021-05-25,92.228174,121.470327,-0.0132963318,-0.0094726479,AAPL,AAPL,0
2021-05-26,91.326862,119.673810,-0.0097726295,-0.0147897563,AAPL,AAPL,0
2021-05-27,90.256589,118.081168,-0.0117191549,-0.0133081959,AAPL,AAPL,0
2021-05-28,89.857313,115.616039,-0.0044237857,-0.0208765584,AAPL,AAPL,0
2021-05-31,89.222335,113.510840,-0.0070665078,-0.0182085419,AAPL,AAPL,0
2021-06-01,89.553670,110.824615,0.0037135864,-0.0236649202,AAPL,AAPL,0
2021-06-02,89.502263,108.315417,-0.0005740427,-0.0226411635,AMZN,AAPL,0
2021-06-03,89.248307,109.427958,-0.0028374224,0.0102713112,AAPL,AMZN,1
2021-06-04,89.190250,108.753555,-0.0006505140,-0.0061629836,AAPL,AAPL,1
2021-06-07,90.572346,113.295388,0.0154960527,0.0417626131,AAPL,AAPL,0
2021-06-08,92.403007,119.119561,0.0202121322,0.0514069717,AAPL,AAPL,0
2021-06-09,92.963918,122.255485,0.0060702709,0.0263258538,AAPL,AAPL,0
2021-06-10,93.959216,126.511492,0.0107062829,0.0348124049,AAPL,AAPL,0
2021-06-11,93.792688,127.898150,-0.0017723447,0.0109607237,AAPL,AAPL,0
2021-06-14,94.017168,130.129544,0.0023933609,0.0174466514,AAPL,AAPL,0
2021-06-15,93.221234,131.986432,-0.0084658320,0.0142695364,AAPL,AAPL,0
2021-06-16,92.719885,134.945807,-0.0053780582,0.0224218101,AMZN,AAPL,0
2021-06-17,93.132407,134.068708,0.0044491208,-0.0064996376,AAPL,AMZN,1
2021-06-18,93.482014,131.861401,0.0037538703,-0.0164639992,AAPL,AAPL,1
2021-06-21,96.604533,131.173361,0.0334023574,-0.0052179015,AAPL,AAPL,0
2021-06-22,99.296262,129.685145,0.0278633784,-0.0113454129,AAPL,AAPL,0
2021-06-23,101.577723,127.568458,0.0229762982,-0.0163217413,AAPL,AAPL,0
2021-06-24,103.441979,125.019227,0.0183529992,-0.0199832428,AAPL,AAPL,0
2021-06-25,104.846828,123.720757,0.0135810340,-0.0103861598,AAPL,AAPL,0
2021-06-28,105.865886,121.964003,0.0097194927,-0.0141993484,AAPL,AAPL,0
2021-06-29,106.410392,119.902050,0.0051433575,-0.0169062424,AAPL,AAPL,0
2021-06-30,106.484021,117.734084,0.0006919394,-0.0180811418,AAPL,AAPL,0
2021-07-01,106.140454,115.409781,-0.0032264714,-0.0197419692,AAPL,AAPL,0
2021-07-02,105.432557,113.411394,-0.0066694280,-0.0173155830,AMZN,AAPL,0
2021-07-05,105.298100,115.820362,-0.0012752970,0.0212409722,AAPL,AMZN,1
2021-07-06,104.933927,116.289788,-0.0034584956,0.0040530524,AAPL,AAPL,1
2021-07-07,104.329523,117.158090,-0.0057598505,0.0074667068,AAPL,AAPL,0
2021-07-08,103.497029,118.081459,-0.0079794677,0.0078813994,AAPL,AAPL,0
2021-07-09,103.941313,121.122044,0.0042927226,0.0257498934,AAPL,AAPL,0
2021-07-12,104.297552,124.938075,0.0034273091,0.0315056698,AAPL,AAPL,0
2021-07-13,104.518335,129.582667,0.0021168631,0.0371751470,AAPL,AAPL,0
2021-07-14,104.558038,135.792619,0.0003798610,0.0479227074,AAPL,AAPL,0
2021-07-15,104.775206,135.569803,0.0020770135,-0.0016408574,AAPL,AAPL,0
2021-07-16,105.165760,136.360043,0.0037275346,0.0058290268,AAPL,AAPL,0
2021-07-19,105.595133,139.935668,0.0040828207,0.0262219451,AAPL,AAPL,0
2021-07-20,106.077876,145.204304,0.0045716467,0.0376504131,AAPL,AAPL,0
2021-07-21,106.247305,150.995366,0.0015972143,0.0398821691,AAPL,AAPL,0
2021-07-22,106.573213,155.956066,0.0030674426,0.0328533221,AAPL,AAPL,0
2021-07-23,106.867543,156.779795,0.0027617643,0.0052818053,AAPL,AAPL,0
2021-07-26,110.443971,156.813227,0.0334659874,0.0002132386,AAPL,AAPL,0
2021-07-27,110.948516,159.262531,0.0045683339,0.0156192443,AAPL,AAPL,0
2021-07-28,111.395105,160.908183,0.0040251931,0.0103329511,AAPL,AAPL,0
2021-07-29,113.445782,158.691646,0.0184090435,-0.0137751635,AAPL,AAPL,0
2021-07-30,115.002521,156.341668,0.0137223190,-0.0148084575,AAPL,AAPL,0
2021-08-02,113.698039,156.224543,-0.0113430725,-0.0007491611,AAPL,AAPL,0
2021-08-03,112.267422,155.646988,-0.0125826003,-0.0036969548,AAPL,AAPL,0
2021-08-04,111.415667,156.205781,-0.0075868417,0.0035901307,AAPL,AAPL,0
2021-08-05,110.339215,156.479090,-0.0096615895,0.0017496755,AAPL,AAPL,0
2021-08-06,108.949111,155.646135,-0.0125984587,-0.0053231072,AAPL,AAPL,0
2021-08-09,107.731546,154.203973,-0.0111755350,-0.0092656503,AAPL,AAPL,0
2021-08-10,106.306360,154.401745,-0.0132290530,0.0012825350,AAPL,AAPL,0
2021-08-11,104.897873,154.079750,-0.0132493154,-0.0020854329,AAPL,AAPL,0
2021-08-12,105.256682,158.959965,0.0034205516,0.0316733058,AAPL,AAPL,0
2021-08-13,105.505702,164.942476,0.0023658349,0.0376353311,AAPL,AAPL,0
2021-08-16,104.162892,165.589459,-0.0127273649,0.0039224757,AAPL,AAPL,0
2021-08-17,102.957211,166.518450,-0.0115749569,0.0056102076,AAPL,AAPL,0
2021-08-18,101.931878,167.535331,-0.0099588275,0.0061067185,AAPL,AAPL,0
2021-08-19,101.082997,171.616960,-0.0083279268,0.0243627920,AAPL,AAPL,0
2021-08-20,99.983345,172.736495,-0.0108787077,0.0065234539,AAPL,AAPL,0
2021-08-23,98.741073,173.804186,-0.0124247839,0.0061810357,AAPL,AAPL,0
2021-08-24,97.446367,174.947746,-0.0131121375,0.0065795913,AAPL,AAPL,0
2021-08-25,96.153307,176.113544,-0.0132694460,0.0066636912,AAPL,AAPL,0
2021-08-26,96.282022,172.600319,0.0013386373,-0.0199486380,AAPL,AAPL,0
2021-08-27,96.090340,169.544328,-0.0019908351,-0.0177055907,AAPL,AAPL,0
2021-08-30,96.518243,166.452143,0.0044531305,-0.0182382120,AAPL,AAPL,0
2021-08-31,97.400289,163.815904,0.0091386412,-0.0158378178,AAPL,AAPL,0
2021-09-01,98.657961,161.732436,0.0129124095,-0.0127183464,AAPL,AAPL,0
2021-09-02,100.400587,160.352208,0.0176633126,-0.0085340236,AAPL,AAPL,0
2021-09-03,102.647119,157.587880,0.0223756822,-0.0172391012,AAPL,AAPL,0
2021-09-06,105.429687,155.559666,0.0271080985,-0.0128703665,AAPL,AAPL,0
2021-09-07,109.006462,154.443882,0.0339256931,-0.0071727125,AMZN,AAPL,0
2021-09-08,109.272962,152.851163,0.0024448040,-0.0103126063,AMZN,AMZN,1
2021-09-09,109.696857,151.179544,0.0038792354,-0.0109362500,AAPL,AMZN,0
2021-09-10,110.193464,151.380676,0.0045270789,0.0013304155,AAPL,AAPL,1
2021-09-13,109.254466,148.577530,-0.0085213600,-0.0185171932,AAPL,AAPL,0
2021-09-14,108.067202,146.285529,-0.0108669549,-0.0154262971,AAPL,AAPL,0
2021-09-15,107.783309,143.075533,-0.0026270070,-0.0219433624,AAPL,AAPL,0
2021-09-16,107.118804,140.097496,-0.0061651959,-0.0208144410,AAPL,AAPL,0
2021-09-17,107.747471,137.218368,0.0058688750,-0.0205508861,AMZN,AAPL,0
2021-09-20,107.905385,136.166431,0.0014655974,-0.0076661521,AMZN,AMZN,1
2021-09-21,109.464463,137.307759,0.0144485693,0.0083818593,AMZN,AMZN,0
2021-09-22,110.622808,138.327015,0.0105819248,0.0074231481,AMZN,AMZN,0
2021-09-23,113.258813,137.148640,0.0238287605,-0.0085187621,AMZN,AMZN,0
2021-09-24,115.421743,135.623488,0.0190972419,-0.0111204285,AMZN,AMZN,0
2021-09-27,115.797839,142.727377,0.0032584424,0.0523794853,AMZN,AMZN,0
2021-09-28,116.292195,148.306583,0.0042691376,0.0390899481,AMZN,AMZN,0
2021-09-29,119.620610,153.181088,0.0286211334,0.0328677596,AMZN,AMZN,0
2021-09-30,124.315136,159.591652,0.0392451276,0.0418495841,AMZN,AMZN,0
2021-10-01,126.781439,161.771122,0.0198391194,0.0136565391,AMZN,AMZN,0
2021-10-04,129.890148,164.676723,0.0245202254,0.0179611817,AMZN,AMZN,0
2021-10-05,131.238859,172.728274,0.0103834693,0.0488930767,AMZN,AMZN,0
2021-10-06,133.233750,174.207659,0.0152004615,0.0085648075,AMZN,AMZN,0
2021-10-07,133.520062,174.658704,0.0021489471,0.0025891271,AMZN,AMZN,0
2021-10-08,134.292525,175.287976,0.0057853722,0.0036028644,AMZN,AMZN,0
2021-10-11,133.657552,170.950229,-0.0047282841,-0.0247464044,AMZN,AMZN,0
2021-10-12,133.530780,167.005436,-0.0009484857,-0.0230756799,AMZN,AMZN,0
2021-10-13,132.199370,162.989023,-0.0099708068,-0.0240495988,AMZN,AMZN,0
2021-10-14,131.233085,158.912797,-0.0073093028,-0.0250092050,AMZN,AMZN,0
2021-10-15,132.888295,157.884866,0.0126127470,-0.0064685212,AMZN,AMZN,0
2021-10-18,135.077796,156.839818,0.0164762535,-0.0066190515,AMZN,AMZN,0
2021-10-19,135.527471,155.914751,0.0033290057,-0.0058981607,AMZN,AMZN,0
2021-10-20,136.591221,154.871587,0.0078489642,-0.0066906059,AMZN,AMZN,0
2021-10-21,140.883997,158.101168,0.0314279071,0.0208532837,AMZN,AMZN,0
2021-10-22,141.200395,163.000640,0.0022458022,0.0309894706,AMZN,AMZN,0
2021-10-25,139.816944,162.711235,-0.0097977858,-0.0017754799,AMZN,AMZN,0
2021-10-26,138.727168,162.979857,-0.0077943017,0.0016509097,AMZN,AMZN,0
2021-10-27,136.994286,161.480058,-0.0124912945,-0.0092023599,AMZN,AMZN,0
2021-10-28,135.459605,160.568647,-0.0112025186,-0.0056441056,AMZN,AMZN,0
2021-10-29,135.309936,159.279038,-0.0011049001,-0.0080315106,AMZN,AMZN,0
2021-11-01,135.383502,158.690407,0.0005436834,-0.0036955990,AMZN,AMZN,0
2021-11-02,134.632196,156.147649,-0.0055494646,-0.0160233868,AMZN,AMZN,0
2021-11-03,134.192881,154.194778,-0.0032630729,-0.0125065708,AMZN,AMZN,0
2021-11-04,133.325793,158.901379,-0.0064615053,0.0305237393,AMZN,AMZN,0
2021-11-05,132.090929,162.691900,-0.0092620000,0.0238545496,AMZN,AMZN,0
2021-11-08,132.840382,160.156804,0.0056737631,-0.0155821852,AMZN,AMZN,0
2021-11-09,134.104591,158.056082,0.0095167535,-0.0131166623,AMZN,AMZN,0
2021-11-10,136.007453,156.384219,0.0141893852,-0.0105776550,AMZN,AMZN,0
2021-11-11,138.581431,155.320218,0.0189252699,-0.0068037624,AMZN,AMZN,0
2021-11-12,141.855990,152.840188,0.0236291321,-0.0159672060,AMZN,AMZN,0
2021-11-15,145.901629,150.025268,0.0285193415,-0.0184174041,AMZN,AMZN,0
2021-11-16,151.000120,146.939701,0.0349447159,-0.0205669843,AMZN,AMZN,0
2021-11-17,151.446412,143.729300,0.0029555739,-0.0218484282,AMZN,AMZN,0
2021-11-18,149.445917,143.628758,-0.0132092598,-0.0006995231,AMZN,AMZN,0
2021-11-19,147.473164,143.487275,-0.0132004517,-0.0009850560,AMZN,AMZN,0
2021-11-22,145.565376,143.335561,-0.0129365039,-0.0010573350,AMZN,AMZN,0
2021-11-23,143.827679,143.305874,-0.0119375737,-0.0002071143,AMZN,AMZN,0
2021-11-24,142.326062,143.306795,-0.0104403871,0.0000064252,AMZN,AMZN,0
2021-11-25,141.117063,143.240442,-0.0084945709,-0.0004630118,AMZN,AMZN,0
2021-11-26,139.658915,146.085679,-0.0103328992,0.0198633593,AMZN,AMZN,0
2021-11-29,137.970927,148.763776,-0.0120865055,0.0183323716,AMZN,AMZN,0
2021-11-30,136.167989,151.049861,-0.0130675218,0.0153672189,AMZN,AMZN,0
2021-12-01,134.357327,152.798589,-0.0132972633,0.0115771561,AMZN,AMZN,0
2021-12-02,134.585366,152.166468,0.0016972599,-0.0041369577,AMZN,AMZN,0
2021-12-03,134.976135,159.185292,0.0029034978,0.0461259594,AMZN,AMZN,0
2021-12-06,135.312516,160.619889,0.0024921568,0.0090121197,AMZN,AMZN,0
2021-12-07,135.427419,161.957509,0.0008491631,0.0083278632,AMZN,AMZN,0
2021-12-08,136.026691,163.048067,0.0044250438,0.0067336047,AMZN,AMZN,0
2021-12-09,136.531785,164.444001,0.0037131978,0.0085614872,AMZN,AMZN,0
2021-12-10,137.123456,165.082456,0.0043335754,0.0038825085,AMZN,AMZN,0
2021-12-13,137.756614,165.492555,0.0046174336,0.0024842060,AMZN,AMZN,0
2021-12-14,137.890355,169.462467,0.0009708507,0.0239884609,AMZN,AMZN,0
2021-12-15,138.362770,173.959130,0.0034260183,0.0265348639,AMZN,AMZN,0
2021-12-16,141.839675,178.341617,0.0251289047,0.0251926223,AMZN,AMZN,0
2021-12-17,145.997865,184.638317,0.0293161228,0.0353069599,AMZN,AMZN,0
2021-12-20,147.627358,181.883392,0.0111610740,-0.0149206600,AMZN,AMZN,0
2021-12-21,148.572727,179.047881,0.0064037558,-0.0155897195,AMZN,AMZN,0
2021-12-22,151.495137,177.110118,0.0196698962,-0.0108225937,AMZN,AMZN,0
2021-12-23,153.759275,174.767728,0.0149452851,-0.0132256139,AMZN,AMZN,0
2021-12-24,158.283365,176.135370,0.0294231984,0.0078254814,AMZN,AMZN,0
2021-12-27,162.141811,177.481868,0.0243768276,0.0076446783,AMZN,AMZN,0
2021-12-28,162.661596,179.096962,0.0032057427,0.0091000491,AMZN,AMZN,0
2021-12-29,162.863148,180.454760,0.0012390884,0.0075813596,AMZN,AMZN,0
2021-12-30,163.614333,181.656107,0.0046123652,0.0066573297,AMZN,AMZN,0
2021-12-31,164.306938,183.020222,0.0042331583,0.0075093287,AMZN,AMZN,0
2022-01-03,162.123401,182.674635,-0.0132893801,-0.0018882460,AMZN,AMZN,0
2022-01-04,160.045320,182.273238,-0.0128178951,-0.0021973324,AMZN,AMZN,0
2022-01-05,158.147161,181.755830,-0.0118601341,-0.0028386427,AMZN,AMZN,0
2022-01-06,156.568136,181.075818,-0.0099845272,-0.0037413492,AMZN,AMZN,0
2022-01-07,155.127909,180.749672,-0.0091987252,-0.0018011558,AMZN,AMZN,0
2022-01-10,153.466228,179.694538,-0.0107116829,-0.0058375439,AMZN,AMZN,0
2022-01-11,151.603975,177.875182,-0.0121346084,-0.0101247167,AMZN,AMZN,0
2022-01-12,149.627242,175.344475,-0.0130387974,-0.0142274278,AMZN,AMZN,0
2022-01-13,150.793325,173.867566,0.0077932545,-0.0084229044,AMZN,AMZN,0
2022-01-14,152.673930,172.343989,0.0124714088,-0.0087628561,AMZN,AMZN,0
2022-01-17,156.063980,174.146391,0.0222045123,0.0104581650,AMZN,AMZN,0
2022-01-18,158.797896,175.140189,0.0175179143,0.0057066822,AMZN,AMZN,0
2022-01-19,160.820594,175.165284,0.0127375596,0.0001432873,AMZN,AMZN,0
2022-01-20,162.115839,174.251535,0.0080539784,-0.0052165008,AMZN,AMZN,0
2022-01-21,162.810946,181.071505,0.0042877177,0.0391386555,AMZN,AMZN,0
2022-01-24,162.803131,186.782275,-0.0000480015,0.0315387519,AMZN,AMZN,0
2022-01-25,162.171609,191.122387,-0.0038790523,0.0232362122,AMZN,AMZN,0
2022-01-26,160.996246,197.750373,-0.0072476478,0.0346792739,AMZN,AMZN,0
2022-01-27,161.527949,197.374208,0.0033025788,-0.0019022179,AMZN,AMZN,0
2022-01-28,162.209034,196.899779,0.0042165147,-0.0024037066,AMZN,AMZN,0
2022-01-31,160.427597,198.114165,-0.0109823567,0.0061675359,AMZN,AMZN,0
2022-02-01,159.029790,199.152381,-0.0087130074,0.0052404925,AMZN,AMZN,0
2022-02-02,156.928457,200.372929,-0.0132134521,0.0061287150,AMZN,AMZN,0
2022-02-03,154.972115,201.575467,-0.0124664620,0.0060014985,AMZN,AMZN,0
2022-02-04,155.159288,202.768942,0.0012077888,0.0059207355,AMZN,AMZN,0
2022-02-07,156.035302,203.568447,0.0056459030,0.0039429371,AMZN,AMZN,0
2022-02-08,155.144660,208.912119,-0.0057079579,0.0262499983,AMZN,AMZN,0
2022-02-09,154.701504,210.288197,-0.0028564053,0.0065868758,AMZN,AMZN,0
2022-02-10,153.765435,210.191638,-0.0060508035,-0.0004591757,AMZN,AMZN,0
2022-02-11,152.558277,210.540410,-0.0078506493,0.0016593085,AMZN,AMZN,0
2022-02-14,151.881952,219.243706,-0.0044332188,0.0413378850,AMZN,AMZN,0
2022-02-15,151.547830,226.960984,-0.0021998851,0.0351995428,AMZN,AMZN,0
2022-02-16,150.203790,227.152882,-0.0088687509,0.0008455133,AMZN,AMZN,0
2022-02-17,149.193818,226.830051,-0.0067240094,-0.0014212070,AMZN,AMZN,0
2022-02-18,149.628191,228.918468,0.0029114692,0.0092069679,AMZN,AMZN,0
2022-02-21,150.225409,230.944267,0.0039913467,0.0088494349,AMZN,AMZN,0
2022-02-22,150.156025,232.432650,-0.0004618674,0.0064447692,AMZN,AMZN,0
2022-02-23,150.369305,234.380297,0.0014203871,0.0083794063,AMZN,AMZN,0
2022-02-24,150.989694,235.073993,0.0041257727,0.0029596996,AMZN,AMZN,0
2022-02-25,151.437558,240.664360,0.0029661877,0.0237813114,AMZN,AMZN,0
2022-02-28,151.601183,235.311879,0.0010804773,-0.0222404390,AMZN,AMZN,0
2022-03-01,151.154309,229.573771,-0.0029476910,-0.0243851186,AMZN,AMZN,0
2022-03-02,150.189977,223.820208,-0.0063797857,-0.0250619373,AMZN,AMZN,0
2022-03-03,148.799710,218.382928,-0.0092567214,-0.0242930698,AMZN,AMZN,0
2022-03-04,151.594817,216.832398,0.0187843571,-0.0071000493,AMZN,AMZN,0
2022-03-07,153.724237,215.281828,0.0140467824,-0.0071510099,AMZN,AMZN,0
2022-03-08,155.148177,213.919169,0.0092629493,-0.0063296514,AMZN,AMZN,0
2022-03-09,155.874090,212.711217,0.0046788401,-0.0056467661,AMZN,AMZN,0
2022-03-10,153.926651,210.736217,-0.0124936687,-0.0092848911,AMZN,AMZN,0
2022-03-11,152.201729,209.531057,-0.0112061290,-0.0057188093,AMZN,AMZN,0
2022-03-14,152.751358,212.876577,0.0036111915,0.0159667061,AMZN,AMZN,0
2022-03-15,153.427719,217.138037,0.0044278498,0.0200184524,AMZN,AMZN,0
2022-03-16,154.134871,222.681205,0.0046090299,0.0255283122,AMZN,AMZN,0
2022-03-17,154.787781,229.679964,0.0042359624,0.0314295033,AMZN,AMZN,0
2022-03-18,155.303284,226.394433,0.0033303863,-0.0143048252,AMZN,AMZN,0
2022-03-21,155.654903,224.301511,0.0022640808,-0.0092445824,AMZN,AMZN,0
2022-03-22,155.740757,223.560952,0.0005515626,-0.0033016225,AMZN,AMZN,0
2022-03-23,155.511654,224.359300,-0.0014710537,0.0035710532,AMZN,AMZN,0
2022-03-24,156.030821,220.661011,0.0033384433,-0.0164837752,AMZN,AMZN,0
2022-03-25,157.274310,217.462225,0.0079695112,-0.0144963805,AMZN,AMZN,0
2022-03-28,156.510631,217.301586,-0.0048557149,-0.0007387024,AMZN,AMZN,0
2022-03-29,156.102426,216.978357,-0.0026081570,-0.0014874669,AMZN,AMZN,0
2022-03-30,154.660491,216.889547,-0.0092371113,-0.0004093010,AMZN,AMZN,0
2022-03-31,153.557276,216.840352,-0.0071331386,-0.0002268214,AMZN,AMZN,0
2022-04-01,153.966185,214.667890,0.0026629048,-0.0100187161,AMZN,AMZN,0
2022-04-04,154.556205,213.280361,0.0038321443,-0.0064636103,AMZN,AMZN,0
2022-04-05,154.426368,209.831787,-0.0008400620,-0.0161692039,AMZN,AMZN,0
2022-04-06,154.596044,207.125841,0.0010987469,-0.0128957848,AMZN,AMZN,0
2022-04-07,152.806959,214.450511,-0.0115726452,0.0353633802,AMZN,AMZN,0
2022-04-08,150.850078,219.847290,-0.0128062254,0.0251656132,AMZN,AMZN,0
2022-04-11,155.108317,223.471624,0.0282282857,0.0164856889,AMZN,AMZN,0
2022-04-12,160.898996,229.197771,0.0373331296,0.0256235987,AMZN,AMZN,0
2022-04-13,164.045713,229.224150,0.0195570898,0.0001150943,AMZN,AMZN,0
2022-04-14,167.885364,231.180067,0.0234059825,0.0085327667,AMZN,AMZN,0
2022-04-15,168.654815,228.015794,0.0045831958,-0.0136874795,AMZN,AMZN,0
2022-04-18,169.413380,225.759274,0.0044977370,-0.0098963342,AMZN,AMZN,0
2022-04-19,169.950391,226.001783,0.0031698229,0.0010741936,AMZN,AMZN,0
2022-04-20,170.667673,222.198440,0.0042205422,-0.0168288192,AMZN,AMZN,0
2022-04-21,170.872020,223.674529,0.0011973376,0.0066431128,AMZN,AMZN,0
2022-04-22,170.813835,225.233926,-0.0003405215,0.0069717219,AMZN,AMZN,0
2022-04-25,171.438686,224.768547,0.0036580825,-0.0020662032,AMZN,AMZN,0
2022-04-26,172.193756,224.070948,0.0044043156,-0.0031036312,AMZN,AMZN,0
2022-04-27,172.988007,234.018852,0.0046125426,0.0443962225,AMZN,AMZN,0
2022-04-28,173.723308,242.326844,0.0042505912,0.0355013823,AMZN,AMZN,0
2022-04-29,174.280766,242.782381,0.0032088832,0.0018798438,AMZN,AMZN,0
2022-05-02,174.498701,243.876997,0.0012504805,0.0045086307,AMZN,AMZN,0
2022-05-03,179.659787,245.484365,0.0295766453,0.0065908981,AMZN,AMZN,0
2022-05-04,184.041128,247.327480,0.0243868763,0.0075080750,AMZN,AMZN,0
2022-05-05,182.017733,245.304450,-0.0109942509,-0.0081795599,AMZN,AMZN,0
2022-05-06,180.344912,243.646882,-0.0091904293,-0.0067571877,AMZN,AMZN,0
2022-05-09,178.223532,241.670451,-0.0117629055,-0.0081118672,AMZN,AMZN,0
2022-05-10,175.937005,239.570420,-0.0128295450,-0.0086896483,AMZN,AMZN,0
2022-05-11,173.599040,237.491961,-0.0132886490,-0.0086757740,AMZN,AMZN,0
2022-05-12,171.336405,235.518182,-0.0130336849,-0.0083109317,AMZN,AMZN,0
2022-05-13,170.626383,229.463047,-0.0041440212,-0.0257098386,AMZN,AMZN,0
2022-05-16,169.525245,223.634472,-0.0064535040,-0.0254009308,AMZN,AMZN,0
2022-05-17,168.069771,218.249506,-0.0085855894,-0.0240793205,AMZN,AMZN,0
2022-05-18,166.305711,213.681238,-0.0104960017,-0.0209314013,AMZN,AMZN,0
2022-05-19,166.063474,210.383387,-0.0014565712,-0.0154335073,AMZN,AMZN,0
2022-05-20,166.510486,207.974957,0.0026918135,-0.0114478173,AMZN,AMZN,0
2022-05-23,167.259020,207.428132,0.0044954147,-0.0026292789,AMZN,AMZN,0
2022-05-24,167.923338,205.779061,0.0039717909,-0.0079500853,AMZN,AMZN,0
2022-05-25,168.616413,207.918859,0.0041273281,0.0103985208,AMZN,AMZN,0
2022-05-26,169.389768,208.706643,0.0045864762,0.0037889013,AMZN,AMZN,0
2022-05-27,169.680612,205.269214,0.0017170098,-0.0164701471,AMZN,AMZN,0
2022-05-30,170.213743,201.786539,0.0031419680,-0.0169663788,AMZN,AMZN,0
2022-05-31,169.905065,199.152963,-0.0018134705,-0.0130512966,AMZN,AMZN,0
2022-06-01,169.947431,196.124485,0.0002493521,-0.0152067929,AMZN,AMZN,0
2022-06-02,168.872085,192.387341,-0.0063275222,-0.0190549564,AMZN,AMZN,0
2022-06-03,168.193873,189.464223,-0.0040161291,-0.0151939217,AMZN,AMZN,0
2022-06-06,166.192596,188.808387,-0.0118986306,-0.0034615288,AMZN,AMZN,0
2022-06-07,164.070396,188.401695,-0.0127695258,-0.0021539921,AMZN,AMZN,0
2022-06-08,162.686909,194.916195,-0.0084322763,0.0345777097,AMZN,AMZN,0
2022-06-09,161.003725,202.759763,-0.0103461525,0.0402407210,AMZN,AMZN,0
2022-06-10,160.298781,203.791139,-0.0043784330,0.0050866911,AMZN,AMZN,0
2022-06-13,159.299604,204.276567,-0.0062332175,0.0023819901,AMZN,AMZN,0
2022-06-14,159.293759,205.865139,-0.0000366903,0.0077765720,AMZN,AMZN,0
2022-06-15,158.949733,207.272169,-0.0021596943,0.0068347181,AMZN,AMZN,0
2022-06-16,159.454970,207.654504,0.0031785916,0.0018446035,AMZN,AMZN,0
2022-06-17,159.733519,209.231952,0.0017468868,0.0075965011,AMZN,AMZN,0
2022-06-20,157.748044,208.221460,-0.0124299208,-0.0048295289,AMZN,AMZN,0
2022-06-21,155.666207,206.033062,-0.0131972342,-0.0105099533,AMZN,AMZN,0
2022-06-22,153.607981,203.105722,-0.0132220457,-0.0142081069,AMZN,AMZN,0
2022-06-23,151.679351,199.507095,-0.0125555289,-0.0177180020,AMZN,AMZN,0
2022-06-24,151.278191,195.871517,-0.0026447923,-0.0182228015,AMZN,AMZN,0
2022-06-27,150.343257,196.252250,-0.0061802271,0.0019437932,AMZN,AMZN,0
2022-06-28,148.977226,196.355960,-0.0090860869,0.0005284508,AMZN,AMZN,0
2022-06-29,147.304781,196.331174,-0.0112261776,-0.0001262276,AMZN,AMZN,0
2022-06-30,149.413327,202.774257,0.0143141772,0.0328174189,AMZN,AMZN,0
2022-07-01,150.841198,208.339371,0.0095565133,0.0274448768,AMZN,AMZN,0
2022-07-04,151.174449,216.134191,0.0022092829,0.0374140489,AMZN,AMZN,0
2022-07-05,151.298843,225.626182,0.0008228533,0.0439171200,AMZN,AMZN,0
2022-07-06,151.128922,240.917838,-0.0011230863,0.0677742972,AMZN,AMZN,0
2022-07-07,150.626826,241.869705,-0.0033222989,0.0039510036,AMZN,AMZN,0
2022-07-08,149.779916,243.527100,-0.0056225710,0.0068524301,AMZN,AMZN,0
2022-07-11,148.607900,246.530826,-0.0078249185,0.0123342542,AMZN,AMZN,0
2022-07-12,147.196040,250.566970,-0.0095005750,0.0163717636,AMZN,AMZN,0
2022-07-13,145.541161,256.050987,-0.0112426865,0.0218864338,AMZN,AMZN,0
2022-07-14,143.721894,255.282349,-0.0125000178,-0.0030018954,AMZN,AMZN,0
2022-07-15,141.824361,253.707827,-0.0132028128,-0.0061677663,AMZN,AMZN,0
2022-07-18,141.494362,253.258603,-0.0023268145,-0.0017706352,AMZN,AMZN,0
2022-07-19,141.738550,252.436506,0.0017257802,-0.0032460785,AMZN,AMZN,0
2022-07-20,142.621362,250.900747,0.0062284538,-0.0060837442,AMZN,AMZN,0
2022-07-21,144.179491,248.606808,0.0109249343,-0.0091428154,AMZN,AMZN,0
2022-07-22,142.401494,247.437848,-0.0123318284,-0.0047020400,AMZN,AMZN,0
2022-07-25,140.877621,246.291626,-0.0107012412,-0.0046323648,AMZN,AMZN,0
2022-07-26,139.698028,245.512827,-0.0083731757,-0.0031621031,AMZN,AMZN,0
2022-07-27,138.869603,245.315825,-0.0059301116,-0.0008024093,AMZN,AMZN,0
2022-07-28,138.994984,240.353453,0.0009028688,-0.0202285030,AMZN,AMZN,0
2022-07-29,139.427610,235.451328,0.0031125259,-0.0203954848,AMZN,AMZN,0
2022-08-01,137.945799,231.345756,-0.0106278177,-0.0174370310,AMZN,AMZN,0
2022-08-02,136.687272,226.835556,-0.0091233442,-0.0194954938,AMZN,AMZN,0
2022-08-03,135.731410,222.213703,-0.0069930583,-0.0203753447,AMZN,AMZN,0
2022-08-04,135.086559,217.710304,-0.0047509323,-0.0202660734,AMZN,AMZN,0
2022-08-05,134.753262,219.738303,-0.0024672837,0.0093151262,AMZN,AMZN,0
2022-08-08,134.707795,220.581849,-0.0003374099,0.0038388658,AMZN,AMZN,0
2022-08-09,134.865329,220.270378,0.0011694481,-0.0014120426,AMZN,AMZN,0
2022-08-10,135.237310,218.926024,0.0027581682,-0.0061031994,AAPL,AMZN,0
2022-08-11,134.661205,219.906408,-0.0042599597,0.0044781523,AMZN,AAPL,1
2022-08-12,133.647686,220.115159,-0.0075264343,0.0009492717,AMZN,AMZN,1
2022-08-15,132.522971,227.718548,-0.0084155223,0.0345427797,AMZN,AMZN,0
2022-08-16,131.150972,238.362370,-0.0103529129,0.0467411294,AMZN,AMZN,0
2022-08-17,130.575636,242.620127,-0.0043868214,0.0178625386,AMZN,AMZN,0
2022-08-18,129.708732,248.916691,-0.0066390964,0.0259523558,AMZN,AMZN,0
2022-08-19,129.706028,248.363339,-0.0000208490,-0.0022230436,AMZN,AMZN,0
2022-08-22,129.431518,247.889369,-0.0021163996,-0.0019083699,AMZN,AMZN,0
2022-08-23,129.815675,246.795699,0.0029680385,-0.0044119315,AMZN,AMZN,0
2022-08-24,130.044114,246.066062,0.0017597145,-0.0029564402,AMZN,AMZN,0
2022-08-25,130.635689,242.023785,0.0045490360,-0.0164276088,AMZN,AMZN,0
2022-08-26,131.158626,239.001429,0.0040030174,-0.0124878478,AMZN,AMZN,0
2022-08-29,131.503786,235.551591,0.0026316218,-0.0144343795,AMZN,AMZN,0
2022-08-30,135.816350,231.683171,0.0327942168,-0.0164228159,AMZN,AMZN,0
2022-08-31,136.434407,229.758978,0.0045506855,-0.0083052775,AMZN,AMZN,0
2022-09-01,136.975297,227.203379,0.0039644632,-0.0111229544,AMZN,AMZN,0
2022-09-02,137.541437,221.196598,0.0041331539,-0.0264379026,AMZN,AMZN,0
2022-09-05,138.172173,215.778922,0.0045857951,-0.0244925826,AMZN,AMZN,0
2022-09-06,138.408531,210.037107,0.0017106011,-0.0266097167,AMZN,AMZN,0
2022-09-07,138.844764,204.341664,0.0031517801,-0.0271163641,AMZN,AMZN,0
2022-09-08,138.595336,200.094464,-0.0017964554,-0.0207847981,AMZN,AMZN,0
2022-09-09,138.584205,196.524720,-0.0000803126,-0.0178402911,AAPL,AMZN,0
2022-09-12,138.147633,197.574646,-0.0031502235,0.0053424626,AAPL,AAPL,1
2022-09-13,137.393045,200.560609,-0.0054621907,0.0151130854,AAPL,AAPL,0
2022-09-14,136.340438,204.052601,-0.0076612826,0.0174111586,AAPL,AAPL,0
2022-09-15,135.017362,208.031924,-0.0097042104,0.0195014572,AAPL,AAPL,0
2022-09-16,133.515250,208.432472,-0.0111253204,0.0019254135,AAPL,AAPL,0
2022-09-19,131.855957,208.916818,-0.0124277456,0.0023237581,AAPL,AAPL,0
2022-09-20,130.118977,209.431935,-0.0131733078,0.0024656566,AAPL,AAPL,0
2022-09-21,128.396684,209.939667,-0.0132363003,0.0024243289,AAPL,AAPL,0
2022-09-22,128.855174,211.372381,0.0035708869,0.0068244083,AAPL,AAPL,0
2022-09-23,129.423602,213.991798,0.0044113770,0.0123924238,AAPL,AAPL,0
2022-09-26,129.737846,214.517784,0.0024280221,0.0024579756,AAPL,AAPL,0
2022-09-27,134.128194,214.129440,0.0338401518,-0.0018103126,AAPL,AAPL,0
2022-09-28,137.775007,212.930555,0.0271890077,-0.0055988771,AAPL,AAPL,0
2022-09-29,140.852996,211.016174,0.0223406923,-0.0089906386,AAPL,AAPL,0
2022-09-30,141.442491,216.516991,0.0041851819,0.0260682239,AAPL,AAPL,0
2022-10-03,142.087979,220.809121,0.0045636036,0.0198235283,AAPL,AAPL,0
2022-10-04,142.730876,223.701345,0.0045246459,0.0130982994,AMZN,AAPL,0
2022-10-05,143.286805,232.165656,0.0038949456,0.0378375480,AMZN,AMZN,1
2022-10-06,143.307830,237.606996,0.0001467283,0.0234373190,AMZN,AMZN,0
2022-10-07,142.767186,241.152760,-0.0037726004,0.0149228075,AMZN,AMZN,0
2022-10-10,145.553921,239.168704,0.0195194368,-0.0082273825,AMZN,AMZN,0
2022-10-11,149.075955,236.277584,0.0241974479,-0.0120882022,AMZN,AMZN,0
2022-10-12,150.575800,236.035655,0.0100609467,-0.0010239178,AAPL,AMZN,0
2022-10-13,152.815904,239.233113,0.0148769210,0.0135465023,AAPL,AAPL,1
2022-10-14,153.298447,239.589392,0.0031576747,0.0014892533,AAPL,AAPL,0
2022-10-17,153.945864,239.644489,0.0042232414,0.0002299671,AAPL,AAPL,0
2022-10-18,158.294535,240.189136,0.0282480536,0.0022727290,AAPL,AAPL,0
2022-10-19,164.173015,240.734796,0.0371363447,0.0022717928,AAPL,AAPL,0
2022-10-20,164.811537,241.143997,0.0038893255,0.0016997973,AAPL,AAPL,0
2022-10-21,165.267518,240.878369,0.0027666801,-0.0011015323,AAPL,AAPL,0
2022-10-24,163.298216,239.945580,-0.0119158426,-0.0038724463,AAPL,AAPL,0
2022-10-25,161.178775,239.722470,-0.0129789650,-0.0009298357,AAPL,AAPL,0
2022-10-26,159.976885,237.260982,-0.0074568749,-0.0102680734,AAPL,AAPL,0
2022-10-27,158.368139,235.594731,-0.0100561135,-0.0070228643,AMZN,AAPL,0
2022-10-28,156.449138,236.217726,-0.0121173430,0.0026443507,AMZN,AMZN,1
2022-10-31,154.784868,236.826711,-0.0106377712,0.0025780665,AMZN,AMZN,0
2022-11-01,152.726989,237.538421,-0.0132950916,0.0030051959,AMZN,AMZN,0
2022-11-02,150.738571,238.255838,-0.0130194281,0.0030202143,AMZN,AMZN,0
2022-11-03,153.178193,241.554134,0.0161844583,0.0138435059,AMZN,AMZN,0
2022-11-04,155.073766,243.322129,0.0123749577,0.0073192473,AMZN,AMZN,0
2022-11-07,153.586780,248.437948,-0.0095888956,0.0210248814,AMZN,AMZN,0
2022-11-08,152.529948,254.261656,-0.0068810138,0.0234413015,AMZN,AMZN,0
2022-11-09,151.897723,261.027578,-0.0041449213,0.0266100738,AMZN,AMZN,0
2022-11-10,151.855477,262.131840,-0.0002781186,0.0042304432,AMZN,AMZN,0
2022-11-11,149.861571,262.833881,-0.0131302886,0.0026781964,AMZN,AMZN,0
2022-11-14,147.869822,263.686416,-0.0132905929,0.0032436266,AMZN,AMZN,0
2022-11-15,145.972239,264.453351,-0.0128327921,0.0029085140,AMZN,AMZN,0
2022-11-16,144.278333,265.124844,-0.0116043036,0.0025391725,AMZN,AMZN,0
2022-11-17,143.255394,268.543226,-0.0070900408,0.0128934791,AMZN,AMZN,0
2022-11-18,141.940970,274.383489,-0.0091753850,0.0217479450,AMZN,AMZN,0
2022-11-21,141.100086,276.651086,-0.0059241828,0.0082643349,AMZN,AMZN,0
2022-11-22,140.586979,276.809416,-0.0036364788,0.0005723107,AMZN,AMZN,0
2022-11-23,140.389542,275.033935,-0.0014043714,-0.0064140948,AMZN,AMZN,0
2022-11-24,140.421822,271.587842,0.0002299262,-0.0125297003,AMZN,AMZN,0
2022-11-25,140.703223,280.707447,0.0020039737,0.0335788428,AMZN,AMZN,0
2022-11-28,141.176829,288.252707,0.0033659927,0.0268794418,AMZN,AMZN,0
2022-11-29,141.775540,294.315763,0.0042408566,0.0210338228,AMZN,AMZN,0
2022-11-30,142.429243,298.880112,0.0046108308,0.0155083414,AMZN,AMZN,0
2022-12-01,143.070059,291.842327,0.0044991879,-0.0235471857,AMZN,AMZN,0
2022-12-02,143.615228,285.370009,0.0038105076,-0.0221774475,AMZN,AMZN,0
2022-12-05,144.051796,283.750308,0.0030398386,-0.0056757931,AMZN,AMZN,0
2022-12-06,143.997481,282.845440,-0.0003770479,-0.0031889582,AMZN,AMZN,0
2022-12-07,145.776881,279.747163,0.0123571561,-0.0109539590,AMZN,AMZN,0
2022-12-08,146.888532,277.365620,0.0076257046,-0.0085131952,AMZN,AMZN,0
2022-12-09,145.410176,276.175800,-0.0100644780,-0.0042897183,AMZN,AMZN,0
2022-12-12,143.675419,274.708327,-0.0119300887,-0.0053135479,AMZN,AMZN,0
2022-12-13,143.064488,274.839130,-0.0042521615,0.0004761516,AMZN,AMZN,0
2022-12-14,141.988616,274.159813,-0.0075201885,-0.0024716886,AMZN,AMZN,0
2022-12-15,140.140333,276.607744,-0.0130171253,0.0089288462,AMZN,AMZN,0
2022-12-16,138.443860,278.000043,-0.0121055253,0.0050334781,AMZN,AMZN,0
2022-12-19,139.026455,272.828103,0.0042081683,-0.0186040975,AMZN,AMZN,0
2022-12-20,139.667101,268.175481,0.0046080840,-0.0170533077,AMZN,AMZN,0
2022-12-21,139.796078,262.818065,0.0009234610,-0.0199772778,AMZN,AMZN,0
2022-12-22,140.236714,257.598277,0.0031519900,-0.0198608402,AMZN,AMZN,0
2022-12-23,140.624308,250.648475,0.0027638540,-0.0269792280,AMZN,AMZN,0
2022-12-26,140.792701,243.614495,0.0011974703,-0.0280631245,AMZN,AMZN,0
2022-12-27,141.416099,238.326471,0.0044277743,-0.0217065261,AMZN,AMZN,0
2022-12-28,141.941995,232.370113,0.0037187819,-0.0249924325,AMZN,AMZN,0
2022-12-29,142.827466,240.029968,0.0062382590,0.0329640307,AMZN,AMZN,0
2022-12-30,144.389289,249.650430,0.0109350357,0.0400802519,AMZN,AMZN,0
2023-01-02,145.055982,246.443812,0.0046173293,-0.0128444323,AMZN,AMZN,0
2023-01-03,145.681544,243.773665,0.0043125542,-0.0108347098,AMZN,AMZN,0
2023-01-04,146.208325,246.638045,0.0036159786,0.0117501615,AMZN,AMZN,0
2023-01-05,146.458017,249.207586,0.0017077778,0.0104182691,AMZN,AMZN,0
2023-01-06,146.591803,248.895651,0.0009134783,-0.0012517063,AMZN,AMZN,0
2023-01-09,146.924096,249.504320,0.0022667935,0.0024454770,AMZN,AMZN,0
2023-01-10,147.446918,250.837684,0.0035584487,0.0053440532,AMZN,AMZN,0
2023-01-11,148.088090,252.689469,0.0043484917,0.0073824000,AMZN,AMZN,0
2023-01-12,146.945152,253.455854,-0.0077179619,0.0030329144,AMZN,AMZN,0
2023-01-13,146.139612,254.786091,-0.0054819062,0.0052483978,AMZN,AMZN,0
2023-01-16,144.852278,252.425132,-0.0088089328,-0.0092664361,AAPL,AMZN,0
2023-01-17,143.302063,252.389406,-0.0107020396,-0.0001415321,AAPL,AAPL,1
2023-01-18,141.564173,254.632401,-0.0121274608,0.0088870395,AAPL,AAPL,0
2023-01-19,139.736366,257.005146,-0.0129115113,0.0093183184,AAPL,AAPL,0
2023-01-20,137.878356,255.131922,-0.0132965348,-0.0072886629,AAPL,AAPL,0
2023-01-23,136.090230,252.928827,-0.0129688708,-0.0086351218,AAPL,AAPL,0
2023-01-24,134.475019,250.447900,-0.0118686748,-0.0098087959,AAPL,AAPL,0
2023-01-25,133.130608,247.807335,-0.0099974750,-0.0105433703,AMZN,AAPL,0
2023-01-26,132.068671,244.684446,-0.0079766560,-0.0126020835,AMZN,AMZN,1
2023-01-27,131.438751,245.164309,-0.0047696430,0.0019611497,AMZN,AMZN,0
2023-01-30,131.853618,238.842825,0.0031563508,-0.0257846825,AMZN,AMZN,0
2023-01-31,132.380509,232.590689,0.0039960300,-0.0261767809,AAPL,AMZN,0
2023-02-01,132.370898,228.432496,-0.0000725994,-0.0178777287,AAPL,AAPL,1
2023-02-02,132.602009,226.703710,0.0017459331,-0.0075680383,AAPL,AAPL,0
2023-02-03,132.015901,222.508315,-0.0044200533,-0.0185060695,AAPL,AAPL,0
2023-02-06,131.727215,219.066991,-0.0021867517,-0.0154660477,AAPL,AAPL,0
2023-02-07,130.611486,214.251832,-0.0084699978,-0.0219803028,AAPL,AAPL,0
2023-02-08,129.790228,209.784045,-0.0062877937,-0.0208529705,AAPL,AAPL,0
2023-02-09,132.746651,222.433147,0.0227784722,0.0602958240,AAPL,AAPL,0
2023-02-10,135.141749,232.777793,0.0180426265,0.0465067646,AAPL,AAPL,0
2023-02-13,136.272684,228.918344,0.0083685091,-0.0165799709,AAPL,AAPL,0
2023-02-14,138.059610,225.074434,0.0131128734,-0.0167916200,AAPL,AAPL,0
2023-02-15,138.098287,221.783803,0.0002801489,-0.0146201907,AAPL,AAPL,0
2023-02-16,138.732205,218.260711,0.0045903324,-0.0158852553,AAPL,AAPL,0
2023-02-17,137.754855,214.445230,-0.0070448666,-0.0174812995,AAPL,AAPL,0
2023-02-20,137.248354,210.058747,-0.0036768286,-0.0204550277,AAPL,AAPL,0
2023-02-21,135.686536,207.810754,-0.0113794985,-0.0107017316,AAPL,AAPL,0
2023-02-22,134.370176,204.769882,-0.0097014781,-0.0146328899,AAPL,AAPL,0
2023-02-23,134.979527,206.057725,0.0045348649,0.0062892205,AAPL,AAPL,0
2023-02-24,135.599897,208.605549,0.0045960326,0.0123646113,AAPL,AAPL,0
2023-02-27,134.019825,207.496358,-0.0116524588,-0.0053171678,AMZN,AAPL,0
2023-02-28,132.296653,210.219458,-0.0128575892,0.0131236005,AMZN,AMZN,1
2023-03-01,130.537789,212.943560,-0.0132948507,0.0129583724,AMZN,AMZN,0
2023-03-02,128.839526,214.374742,-0.0130097430,0.0067209486,AMZN,AMZN,0
2023-03-03,127.255995,214.277887,-0.0122907257,-0.0004518041,AMZN,AMZN,0
2023-03-06,125.868269,214.118447,-0.0109049947,-0.0007440791,AMZN,AMZN,0
2023-03-07,124.720923,224.644028,-0.0091154506,0.0491577470,AMZN,AMZN,0
2023-03-08,123.851449,233.262620,-0.0069713493,0.0383655510,AMZN,AMZN,0
2023-03-09,123.264101,233.936366,-0.0047423636,0.0028883600,AMZN,AMZN,0
2023-03-10,122.907557,235.296122,-0.0028925167,0.0058125018,AMZN,AMZN,0
2023-03-13,125.405879,236.485528,0.0203268321,0.0050549345,AMZN,AMZN,0
2023-03-14,128.424240,236.874974,0.0240687360,0.0016468051,AMZN,AMZN,0
2023-03-15,132.167055,236.305747,0.0291441495,-0.0024030697,AMZN,AMZN,0
2023-03-16,132.281786,234.718940,0.0008680766,-0.0067150556,AMZN,AMZN,0
2023-03-17,132.504499,233.176999,0.0016836218,-0.0065693106,AMZN,AMZN,0
2023-03-20,133.327506,231.019908,0.0062111670,-0.0092508735,AMZN,AMZN,0
2023-03-21,134.770488,228.231437,0.0108228395,-0.0120702626,AMZN,AMZN,0
2023-03-22,136.870876,224.896534,0.0155849237,-0.0146119332,AMZN,AMZN,0
2023-03-23,135.403512,223.601436,-0.0107207890,-0.0057586392,AMZN,AMZN,0
2023-03-24,134.268370,222.810706,-0.0083834004,-0.0035363397,AMZN,AMZN,0
2023-03-27,136.231645,225.235623,0.0146220204,0.0108833051,AMZN,AMZN,0
2023-03-28,137.582805,226.863173,0.0099181055,0.0072259905,AMZN,AMZN,0
2023-03-29,140.771061,230.497936,0.0231733628,0.0160218295,AMZN,AMZN,0
2023-03-30,143.499075,233.690273,0.0193790778,0.0138497427,AMZN,AMZN,0
2023-03-31,143.155073,232.971583,-0.0023972434,-0.0030753984,AMZN,AMZN,0
2023-04-03,142.294873,232.375686,-0.0060088674,-0.0025578093,AMZN,AMZN,0
2023-04-04,143.038787,231.330893,0.0052279764,-0.0044961348,AMZN,AMZN,0
2023-04-05,143.156036,230.452206,0.0008197012,-0.0037984012,AMZN,AMZN,0
2023-04-06,143.802973,228.824244,0.0045191071,-0.0070642059,AMZN,AMZN,0
2023-04-07,144.460528,227.719853,0.0045726055,-0.0048263740,AMZN,AMZN,0
2023-04-10,145.060092,222.169226,0.0041503674,-0.0243748016,AMZN,AMZN,0
2023-04-11,145.554262,216.223793,0.0034066580,-0.0267608304,AMZN,AMZN,0
2023-04-12,146.206093,212.409302,0.0044782667,-0.0176414047,AMZN,AMZN,0
2023-04-13,146.877047,207.857358,0.0045890988,-0.0214300586,AMZN,AMZN,0
2023-04-14,146.620861,204.663401,-0.0017442213,-0.0153661005,AMZN,AMZN,0
2023-04-17,146.036826,200.961224,-0.0039833038,-0.0180891038,AMZN,AMZN,0
2023-04-18,146.336432,199.067584,0.0020515826,-0.0094229097,AMZN,AMZN,0
2023-04-19,146.383561,196.629422,0.0003220582,-0.0122479136,AMZN,AMZN,0
2023-04-20,144.919204,196.756237,-0.0100035587,0.0006449450,AMZN,AMZN,0
2023-04-21,143.233211,196.816411,-0.0116340222,0.0003058314,AMZN,AMZN,0
2023-04-24,143.095146,198.400001,-0.0009639168,0.0080460288,AMZN,AMZN,0
2023-04-25,143.565354,199.876121,0.0032859791,0.0074401184,AMZN,AMZN,0
2023-04-26,142.430676,204.711903,-0.0079035651,0.0241938967,AMZN,AMZN,0
2023-04-27,141.752390,210.830909,-0.0047622204,0.0298908177,AMZN,AMZN,0
2023-04-28,140.070424,212.894812,-0.0118655170,0.0097893760,AMZN,AMZN,0
2023-05-01,138.670744,214.918726,-0.0099926861,0.0095066355,AMZN,AMZN,0
2023-05-02,136.826893,216.993291,-0.0132966109,0.0096527882,AMZN,AMZN,0
2023-05-03,135.054919,219.235947,-0.0129504834,0.0103351412,AMZN,AMZN,0
2023-05-04,135.283589,215.787487,0.0016931608,-0.0157294462,AMZN,AMZN,0
2023-05-05,135.770229,211.534931,0.0035971878,-0.0197071488,AMZN,AMZN,0
2023-05-08,134.251251,215.449239,-0.0111878610,0.0185043114,AMZN,AMZN,0
2023-05-09,132.988161,217.425958,-0.0094084008,0.0091748723,AMZN,AMZN,0
2023-05-10,131.234741,225.587641,-0.0131847868,0.0375377542,AMZN,AMZN,0
2023-05-11,129.599102,231.955129,-0.0124634542,0.0282262299,AMZN,AMZN,0
2023-05-12,127.950335,233.105802,-0.0127220619,0.0049607570,AMZN,AMZN,0
2023-05-15,126.258112,232.372804,-0.0132256232,-0.0031444855,AMZN,AMZN,0
2023-05-16,125.085675,237.363953,-0.0092860281,0.0214790587,AMZN,AMZN,0
2023-05-17,123.661363,240.633624,-0.0113866976,0.0137749246,AMZN,AMZN,0
2023-05-18,124.098045,240.346266,0.0035312740,-0.0011941731,AMZN,AMZN,0
2023-05-19,124.637541,240.243600,0.0043473387,-0.0004271584,AMZN,AMZN,0
2023-05-22,125.156209,236.237824,0.0041614089,-0.0166738095,AMZN,AMZN,0
2023-05-23,125.559353,232.543392,0.0032211295,-0.0156386124,AMZN,AMZN,0
2023-05-24,125.784715,229.349959,0.0017948615,-0.0137326312,AMZN,AMZN,0
2023-05-25,125.783031,226.814701,-0.0000133832,-0.0110541062,AMZN,AMZN,0
2023-05-26,126.097750,229.289522,0.0025020766,0.0109112046,AMZN,AMZN,0
2023-05-29,126.593700,228.674882,0.0039330576,-0.0026806275,AMZN,AMZN,0
2023-05-30,127.167877,229.731722,0.0045355897,0.0046215813,AMZN,AMZN,0
2023-05-31,127.747302,232.431838,0.0045563787,0.0117533425,AMZN,AMZN,0
2023-06-01,130.034040,233.455830,0.0179004834,0.0044055588,AMZN,AMZN,0
2023-06-02,132.963488,234.401734,0.0225283151,0.0040517465,AMZN,AMZN,0
2023-06-05,134.897644,235.579334,0.0145465201,0.0050238535,AMZN,AMZN,0
2023-06-06,136.338299,236.596621,0.0106796120,0.0043182363,AMZN,AMZN,0
2023-06-07,137.151381,237.489317,0.0059637132,0.0037730744,AMZN,AMZN,0
2023-06-08,137.364629,238.298268,0.0015548322,0.0034062628,AMZN,AMZN,0
2023-06-09,137.014621,234.177772,-0.0025480183,-0.0172913386,AMZN,AMZN,0
2023-06-12,136.264331,230.305103,-0.0054759847,-0.0165373040,AMZN,AMZN,0
2023-06-13,135.110815,226.962691,-0.0084652824,-0.0145129745,AMZN,AMZN,0
2023-06-14,133.648036,224.217913,-0.0108265107,-0.0120935242,AMZN,AMZN,0
2023-06-15,131.994457,234.473852,-0.0123726458,0.0457409454,AMZN,AMZN,0
2023-06-16,130.255099,242.059887,-0.0131775074,0.0323534393,AMZN,AMZN,0
2023-06-19,129.742649,236.693568,-0.0039341998,-0.0221693878,AMZN,AMZN,0
2023-06-20,128.935620,232.592543,-0.0062202309,-0.0173263032,AMZN,AMZN,0
2023-06-21,128.979563,226.216016,0.0003408140,-0.0274150114,AMZN,AMZN,0
2023-06-22,128.755642,220.495692,-0.0017360957,-0.0252869987,AMZN,AMZN,0
2023-06-23,127.257320,216.212001,-0.0116369412,-0.0194275504,AMZN,AMZN,0
2023-06-26,125.632915,212.409027,-0.0127647307,-0.0175890961,AMZN,AMZN,0
2023-06-27,124.575105,207.948541,-0.0084198483,-0.0209995151,AMZN,AMZN,0
2023-06-28,123.329756,203.662880,-0.0099967712,-0.0206092339,AMZN,AMZN,0
2023-06-29,123.815522,200.831507,0.0039387571,-0.0139022545,AMZN,AMZN,0
2023-06-30,124.369812,197.134928,0.0044767422,-0.0184063699,AAPL,AMZN,0
2023-07-03,124.751447,201.707981,0.0030685536,0.0231975791,AMZN,AAPL,1
2023-07-04,129.277929,200.390955,0.0362840036,-0.0065293728,AMZN,AMZN,1
2023-07-05,129.873218,199.381462,0.0046047168,-0.0050376164,AMZN,AMZN,0
2023-07-06,130.416952,198.859866,0.0041866581,-0.0026160696,AMZN,AMZN,0
2023-07-07,132.941889,197.845639,0.0193604908,-0.0051002129,AMZN,AMZN,0
2023-07-10,134.879577,196.963314,0.0145754560,-0.0044596598,AMZN,AMZN,0
2023-07-11,138.787414,196.161239,0.0289727809,-0.0040722043,AMZN,AMZN,0
2023-07-12,142.112090,195.197849,0.0239551723,-0.0049112153,AMZN,AMZN,0
2023-07-13,142.340325,190.876772,0.0016060194,-0.0221369107,AMZN,AMZN,0
2023-07-14,141.993854,186.318477,-0.0024341015,-0.0238808274,AMZN,AMZN,0
2023-07-17,140.734576,193.151520,-0.0088685374,0.0366739987,AMZN,AMZN,0
2023-07-18,139.906369,192.424439,-0.0058848882,-0.0037643045,AMZN,AMZN,0
2023-07-19,139.475355,192.534436,-0.0030807295,0.0005716354,AMZN,AMZN,0
2023-07-20,139.605122,193.282660,0.0009303880,0.0038861817,AMZN,AMZN,0
2023-07-21,140.355383,196.543313,0.0053741651,0.0168698718,AMZN,AMZN,0
2023-07-24,141.757044,201.794919,0.0099865206,0.0267198389,AMZN,AMZN,0
2023-07-25,143.851432,209.173372,0.0147744850,0.0365641148,AMZN,AMZN,0
2023-07-26,146.529717,218.657708,0.0186184124,0.0453419883,AMZN,AMZN,0
2023-07-27,149.931065,221.254428,0.0232126835,0.0118757280,AMZN,AMZN,0
2023-07-28,154.153643,223.901945,0.0281634635,0.0119659411,AMZN,AMZN,0
2023-07-31,153.139642,221.086814,-0.0065778622,-0.0125730536,AMZN,AMZN,0
2023-08-01,152.481517,217.822643,-0.0042975474,-0.0147642052,AMZN,AMZN,0
2023-08-02,152.164036,214.196037,-0.0020820915,-0.0166493500,AMZN,AMZN,0
2023-08-03,152.112059,210.441262,-0.0003415864,-0.0175296232,AMZN,AMZN,0
2023-08-04,150.151401,204.747314,-0.0128895653,-0.0270571836,AMZN,AMZN,0
2023-08-07,148.371741,199.456833,-0.0118524334,-0.0258390749,AMZN,AMZN,0
2023-08-08,146.797358,194.725703,-0.0106110720,-0.0237200675,AMZN,AMZN,0
2023-08-09,145.513197,190.739524,-0.0087478490,-0.0204707363,AMZN,AMZN,0
2023-08-10,143.982377,196.813331,-0.0105201454,0.0318434621,AMZN,AMZN,0
2023-08-11,142.262207,201.595218,-0.0119470866,0.0242965606,AMZN,AMZN,0
2023-08-14,145.219429,200.879705,0.0207871199,-0.0035492586,AMZN,AMZN,0
2023-08-15,148.920727,200.294832,0.0254876254,-0.0029115589,AMZN,AMZN,0
2023-08-16,150.610492,199.814434,0.0113467395,-0.0023984546,AMZN,AMZN,0
2023-08-17,153.028016,199.243843,0.0160515017,-0.0028556041,AMZN,AMZN,0
2023-08-18,153.476904,194.980556,0.0029333728,-0.0213973321,AMZN,AMZN,0
2023-08-21,154.625852,191.342216,0.0074861262,-0.0186600130,AMZN,AMZN,0
2023-08-22,153.852977,186.976753,-0.0049983536,-0.0228149522,NVDA,AMZN,0
2023-08-23,153.666197,187.146234,-0.0012140196,0.0009064274,NVDA,NVDA,1
2023-08-24,152.111415,187.635469,-0.0101179155,0.0026141899,NVDA,NVDA,0
2023-08-25,150.882561,188.274209,-0.0080786449,0.0034041506,NVDA,NVDA,0
2023-08-28,148.876456,188.507445,-0.0132958044,0.0012388100,NVDA,NVDA,0
2023-08-29,146.956837,188.251009,-0.0128940410,-0.0013603494,NVDA,NVDA,0
2023-08-30,145.167790,188.685010,-0.0121739610,0.0023054396,NVDA,NVDA,0
2023-08-31,143.265936,188.196799,-0.0131010756,-0.0025874419,NVDA,NVDA,0
2023-09-01,142.115861,186.050568,-0.0080275543,-0.0114041802,NVDA,NVDA,0
2023-09-04,140.629548,183.226612,-0.0104584612,-0.0151784363,NVDA,NVDA,0
2023-09-05,140.370643,179.816871,-0.0018410393,-0.0186094174,NVDA,NVDA,0
2023-09-06,139.689356,175.495972,-0.0048534854,-0.0240294446,NVDA,NVDA,0
2023-09-07,140.639808,171.246250,0.0068040421,-0.0242154947,NVDA,NVDA,0
2023-09-08,140.954808,167.009495,0.0022397580,-0.0247407175,NVDA,NVDA,0
2023-09-11,141.608125,179.587764,0.0046349420,0.0753146938,NVDA,NVDA,0
2023-09-12,141.646578,196.530891,0.0002715431,0.0943445534,NVDA,NVDA,0
2023-09-13,141.223884,203.459946,-0.0029841428,0.0352568218,NVDA,NVDA,0
2023-09-14,140.315925,212.412460,-0.0064292154,0.0440013574,NVDA,NVDA,0
2023-09-15,139.013705,216.073645,-0.0092806307,0.0172362062,NVDA,NVDA,0
2023-09-18,137.431306,220.851263,-0.0113830434,0.0221110657,NVDA,NVDA,0
2023-09-19,135.686238,225.324679,-0.0126977479,0.0202553340,NVDA,NVDA,0
2023-09-20,133.891807,231.685022,-0.0132248586,0.0282274568,NVDA,NVDA,0
2023-09-21,132.125141,232.935004,-0.0131947284,0.0053951803,NVDA,NVDA,0
2023-09-22,130.474925,233.177191,-0.0124897945,0.0010397172,NVDA,NVDA,0
2023-09-25,129.254984,230.067774,-0.0093500039,-0.0133349944,NVDA,NVDA,0
2023-09-26,127.819723,227.470279,-0.0111041002,-0.0112901307,NVDA,NVDA,0
2023-09-27,126.230654,221.516104,-0.0124321175,-0.0261756161,NVDA,NVDA,0
2023-09-28,124.579264,216.490791,-0.0130823165,-0.0226859974,NVDA,NVDA,0
2023-09-29,124.459686,215.413605,-0.0009598587,-0.0049756642,NVDA,NVDA,0
2023-10-02,124.064786,214.746663,-0.0031729109,-0.0030960985,NVDA,NVDA,0
2023-10-03,123.392562,212.630750,-0.0054183281,-0.0098530667,NVDA,NVDA,0
2023-10-04,122.498396,211.531542,-0.0072465171,-0.0051695625,NVDA,NVDA,0
2023-10-05,123.032900,210.812075,0.0043633555,-0.0034012288,NVDA,NVDA,0
2023-10-06,123.474300,208.943230,0.0035876596,-0.0088649787,NVDA,NVDA,0
2023-10-09,122.873318,215.250768,-0.0048672654,0.0301878029,NVDA,NVDA,0
2023-10-10,121.883564,223.673536,-0.0080550784,0.0391300278,NVDA,NVDA,0
2023-10-11,122.255193,229.434009,0.0030490521,0.0257539335,NVDA,NVDA,0
2023-10-12,122.111001,236.282229,-0.0011794362,0.0298483178,NVDA,NVDA,0
2023-10-13,123.504860,240.309055,0.0114146895,0.0170424412,NVDA,NVDA,0
2023-10-16,124.339713,244.830303,0.0067596758,0.0188143068,NVDA,NVDA,0
2023-10-17,126.939560,245.933961,0.0209092255,0.0045078500,NVDA,NVDA,0
2023-10-18,128.996518,247.118585,0.0162042265,0.0048168359,NVDA,NVDA,0
2023-10-19,127.622088,245.924005,-0.0106547805,-0.0048340326,NVDA,NVDA,0
2023-10-20,126.505115,247.671559,-0.0087521941,0.0071060718,NVDA,NVDA,0
2023-10-23,131.215967,244.039131,0.0372384297,-0.0146663122,NVDA,NVDA,0
2023-10-24,131.629972,238.558770,0.0031551468,-0.0224568932,NVDA,NVDA,0
2023-10-25,134.701327,232.651698,0.0233332519,-0.0247614954,NVDA,NVDA,0
2023-10-26,138.496678,225.354352,0.0281760429,-0.0313659682,NVDA,NVDA,0
2023-10-27,140.544296,231.797944,0.0147845999,0.0285931519,NVDA,NVDA,0
2023-10-30,143.162412,235.494227,0.0186284077,0.0159461446,NVDA,NVDA,0
2023-10-31,143.933181,239.382169,0.0053838778,0.0165097121,NVDA,NVDA,0
2023-11-01,145.388134,240.284541,0.0101085297,0.0037695862,NVDA,NVDA,0
2023-11-02,145.339699,237.615703,-0.0003331459,-0.0111069869,NVDA,NVDA,0
2023-11-03,144.981788,234.774264,-0.0024625817,-0.0119581295,NVDA,NVDA,0
2023-11-06,144.720008,226.928613,-0.0018056055,-0.0334178502,NVDA,NVDA,0
2023-11-07,144.757104,218.929220,0.0002563337,-0.0352507020,NVDA,NVDA,0
2023-11-08,145.044935,213.665033,0.0019883720,-0.0240451548,NVDA,NVDA,0
2023-11-09,145.533446,208.022089,0.0033679980,-0.0264102359,NVDA,NVDA,0
2023-11-10,144.063790,205.610672,-0.0100984093,-0.0115921193,NVDA,NVDA,0
2023-11-13,142.894492,202.958638,-0.0081165307,-0.0128983308,AMZN,NVDA,0
2023-11-14,142.052405,202.930286,-0.0058930682,-0.0001396918,AMZN,AMZN,1
2023-11-15,141.536476,199.959504,-0.0036319654,-0.0146394198,NVDA,AMZN,0
2023-11-16,139.672965,202.727260,-0.0131662936,0.0138415789,NVDA,NVDA,1
2023-11-17,137.823773,203.218938,-0.0132394390,0.0024253168,NVDA,NVDA,0
2023-11-20,140.811465,204.834300,0.0216776274,0.0079488796,NVDA,NVDA,0
2023-11-21,144.410175,206.406041,0.0255569374,0.0076732314,AMZN,NVDA,0
2023-11-22,148.882668,207.456647,0.0309707573,0.0050899950,AMZN,AMZN,1
2023-11-23,149.193035,209.865487,0.0020846461,0.0116112913,AMZN,AMZN,0
2023-11-24,149.752466,217.160140,0.0037497096,0.0347587106,AMZN,AMZN,0
2023-11-27,150.422134,218.990915,0.0044718334,0.0084305271,AMZN,AMZN,0
2023-11-28,151.116214,220.821321,0.0046142128,0.0083583647,AMZN,AMZN,0
2023-11-29,151.762527,222.367877,0.0042769310,0.0070036560,AMZN,AMZN,0
2023-11-30,152.283165,218.716475,0.0034306084,-0.0164205485,AMZN,AMZN,0
2023-12-01,152.599321,214.908974,0.0020761077,-0.0174083877,NVDA,AMZN,0
2023-12-04,152.352125,210.605087,-0.0016199088,-0.0200265567,AMZN,NVDA,1
2023-12-05,152.412765,203.705792,0.0003980280,-0.0327593949,AMZN,AMZN,1
2023-12-06,151.540293,199.520262,-0.0057244007,-0.0205469368,AMZN,AMZN,0
2023-12-07,150.954540,195.505597,-0.0038653272,-0.0201215879,AMZN,AMZN,0
2023-12-08,151.584641,193.517341,0.0041741094,-0.0101698182,AMZN,AMZN,0
2023-12-11,152.281821,190.870045,0.0045992798,-0.0136798879,AMZN,AMZN,0
2023-12-12,152.607826,190.663802,0.0021408010,-0.0010805432,AMZN,AMZN,0
2023-12-13,153.103727,189.537807,0.0032495131,-0.0059056574,AMZN,AMZN,0
2023-12-14,153.480832,194.694828,0.0024630628,0.0272084041,AMZN,AMZN,0
2023-12-15,158.434996,198.045692,0.0322787200,0.0172108544,AMZN,AMZN,0
2023-12-18,156.415835,201.934602,-0.0127444153,0.0196364279,AMZN,AMZN,0
2023-12-19,154.626794,207.311079,-0.0114377219,0.0266248428,AMZN,AMZN,0
2023-12-20,152.603409,208.967758,-0.0130856064,0.0079912663,AMZN,AMZN,0
2023-12-21,150.577296,211.684036,-0.0132769821,0.0129985540,AMZN,AMZN,0
2023-12-22,150.008064,211.076495,-0.0037803331,-0.0028700364,AMZN,AMZN,0
2023-12-25,150.028754,212.278441,0.0001379275,0.0056943587,AMZN,AMZN,0
2023-12-26,148.559261,208.774575,-0.0097947447,-0.0165059868,AMZN,AMZN,0
2023-12-27,147.497206,206.673237,-0.0071490295,-0.0100651050,NVDA,AMZN,0
2023-12-28,147.089632,202.940574,-0.0027632643,-0.0180607002,NVDA,NVDA,1
2023-12-29,146.348061,200.501884,-0.0050416305,-0.0120167695,NVDA,NVDA,0
2024-01-01,148.735903,206.490184,0.0163161852,0.0298665532,NVDA,NVDA,0
2024-01-02,150.454670,214.305597,0.0115558304,0.0378488340,NVDA,NVDA,0
2024-01-03,151.480004,215.987744,0.0068149058,0.0078492917,NVDA,NVDA,0
2024-01-04,151.836289,219.363470,0.0023520246,0.0156292493,NVDA,NVDA,0
2024-01-05,151.558020,235.326524,-0.0018326873,0.0727698829,NVDA,NVDA,0
2024-01-08,150.823556,237.581561,-0.0048460936,0.0095825863,NVDA,NVDA,0
2024-01-09,149.623787,249.174524,-0.0079547881,0.0487957172,NVDA,NVDA,0
2024-01-10,148.059618,263.555177,-0.0104540127,0.0577131776,NVDA,NVDA,0
2024-01-11,148.706145,262.564680,0.0043666728,-0.0037582160,NVDA,NVDA,0
2024-01-12,149.392683,263.537971,0.0046167376,0.0037068633,NVDA,NVDA,0
2024-01-15,149.993775,253.760052,0.0040235740,-0.0371025054,NVDA,NVDA,0
2024-01-16,150.442766,244.096847,0.0029933965,-0.0380800900,NVDA,NVDA,0
2024-01-17,150.666709,235.996851,0.0014885607,-0.0331835322,NVDA,NVDA,0
2024-01-18,150.609336,227.658062,-0.0003807959,-0.0353343248,NVDA,NVDA,0
2024-01-19,151.039690,220.638501,0.0028574172,-0.0308337906,NVDA,NVDA,0
2024-01-22,151.658044,215.009725,0.0040939883,-0.0255113045,NVDA,NVDA,0
2024-01-23,152.353013,208.039310,0.0045824728,-0.0324190695,NVDA,NVDA,0
2024-01-24,153.038457,201.980794,0.0044990501,-0.0291219739,NVDA,NVDA,0
2024-01-25,151.411018,200.408436,-0.0106341811,-0.0077846928,NVDA,NVDA,0
2024-01-26,149.581035,200.066958,-0.0120861958,-0.0017039086,NVDA,NVDA,0
2024-01-29,150.143897,193.625575,0.0037629244,-0.0321961347,AMZN,NVDA,0
2024-01-30,150.804800,192.070599,0.0044017963,-0.0080308411,AMZN,AMZN,1
2024-01-31,151.500526,196.918010,0.0046134211,0.0252376522,AMZN,AMZN,0
2024-02-01,152.147337,203.002126,0.0042693628,0.0308966938,AMZN,AMZN,0
2024-02-02,152.663232,200.250831,0.0033907609,-0.0135530324,AMZN,AMZN,0
2024-02-05,152.977228,198.340894,0.0020567887,-0.0095377232,AMZN,AMZN,0
2024-02-06,153.076821,197.617437,0.0006510310,-0.0036475426,AMZN,AMZN,0
2024-02-07,152.869028,198.263844,-0.0013574428,0.0032710019,AMZN,AMZN,0
2024-02-08,153.343526,194.978468,0.0031039476,-0.0165707273,AMZN,AMZN,0
2024-02-09,154.527478,192.130959,0.0077209156,-0.0146042235,AMZN,AMZN,0
2024-02-12,154.659618,188.775941,0.0008551197,-0.0174621399,AMZN,AMZN,0
2024-02-13,154.172801,185.292719,-0.0031476647,-0.0184516233,AMZN,AMZN,0
2024-02-14,153.163341,185.414294,-0.0065475856,0.0006561229,NVDA,AMZN,0
2024-02-15,151.725495,187.345999,-0.0093876642,0.0104183183,NVDA,NVDA,1
2024-02-16,154.537661,188.890867,0.0185345597,0.0082460689,NVDA,NVDA,0
2024-02-19,156.669301,190.030438,0.0137936651,0.0060329598,NVDA,NVDA,0
2024-02-20,158.081410,192.444218,0.0090133097,0.0127020727,NVDA,NVDA,0
2024-02-21,158.918094,194.587637,0.0052927413,0.0111378709,NVDA,NVDA,0
2024-02-22,156.941309,193.204938,-0.0124390172,-0.0071057924,NVDA,NVDA,0
2024-02-23,155.150625,190.953792,-0.0114099007,-0.0116515961,NVDA,NVDA,0
2024-02-26,159.486211,196.274997,0.0279443713,0.0278664526,NVDA,NVDA,0
2024-02-27,165.256605,200.222233,0.0361811448,0.0201107462,NVDA,NVDA,0
2024-02-28,168.447378,201.345739,0.0193079906,0.0056112933,NVDA,NVDA,0
2024-02-29,172.496865,201.091254,0.0240400699,-0.0012639190,NVDA,NVDA,0
2024-03-01,173.291175,216.488446,0.0046047811,0.0765681820,NVDA,NVDA,0
2024-03-04,174.073797,229.470503,0.0045162285,0.0599665129,NVDA,NVDA,0
2024-03-05,174.611354,240.519959,0.0030880969,0.0481519657,NVDA,NVDA,0
2024-03-06,175.341707,250.141041,0.0041827365,0.0400011801,NVDA,NVDA,0
2024-03-07,175.567962,244.038975,0.0012903633,-0.0243945038,NVDA,NVDA,0
2024-03-08,175.459898,243.639699,-0.0006155114,-0.0016361126,NVDA,NVDA,0
2024-03-11,174.122159,250.017061,-0.0076241849,0.0261753784,NVDA,NVDA,0
2024-03-12,172.353769,256.950651,-0.0101560339,0.0277324707,NVDA,NVDA,0
2024-03-13,172.132613,260.393153,-0.0012831470,0.0133975209,NVDA,NVDA,0
2024-03-14,171.268928,264.062730,-0.0050175560,0.0140924472,NVDA,NVDA,0
2024-03-15,168.992282,263.857641,-0.0132928153,-0.0007766687,NVDA,NVDA,0
2024-03-18,166.796888,262.896751,-0.0129910910,-0.0036416983,NVDA,NVDA,0
2024-03-19,164.798518,266.396015,-0.0119808619,0.0133104140,NVDA,NVDA,0
2024-03-20,162.653321,262.214714,-0.0130170851,-0.0156958093,NVDA,NVDA,0
2024-03-21,166.776166,268.537715,0.0253474355,0.0241138296,NVDA,NVDA,0
2024-03-22,170.229500,278.117274,0.0207063994,0.0356730491,NVDA,NVDA,0
2024-03-25,171.254394,280.962099,0.0060206607,0.0102288688,NVDA,NVDA,0
2024-03-26,173.078953,284.230806,0.0106540844,0.0116339767,NVDA,NVDA,0
2024-03-27,175.597070,285.019968,0.0145489497,0.0027764833,NVDA,NVDA,0
2024-03-28,178.982488,286.456832,0.0192794722,0.0050412749,NVDA,NVDA,0
2024-03-29,177.461940,291.483426,-0.0084955173,0.0175474740,NVDA,NVDA,0
2024-04-01,176.390205,296.572903,-0.0060392339,0.0174606041,NVDA,NVDA,0
2024-04-02,175.941214,296.764854,-0.0025454422,0.0006472323,NVDA,NVDA,0
2024-04-03,176.210721,297.057243,0.0015317981,0.0009852557,NVDA,NVDA,0
2024-04-04,176.946220,292.968917,0.0041739779,-0.0137627565,NVDA,NVDA,0
2024-04-05,177.760342,288.684558,0.0046009534,-0.0146239368,NVDA,NVDA,0
2024-04-08,178.419936,278.902612,0.0037105823,-0.0338845501,NVDA,NVDA,0
2024-04-09,179.210201,269.451236,0.0044292400,-0.0338877277,NVDA,NVDA,0
2024-04-10,180.035956,259.699864,0.0046077449,-0.0361897479,NVDA,NVDA,0
2024-04-11,180.794654,249.864259,0.0042141516,-0.0378729689,NVDA,NVDA,0
2024-04-12,181.409059,244.413476,0.0033983560,-0.0218149741,NVDA,NVDA,0
2024-04-15,181.571029,238.106682,0.0008928455,-0.0258037927,NVDA,NVDA,0
2024-04-16,186.884230,234.021797,0.0292623806,-0.0171556925,NVDA,NVDA,0
2024-04-17,191.395070,228.529210,0.0241370848,-0.0234704079,NVDA,NVDA,0
2024-04-18,189.307242,228.451426,-0.0109084742,-0.0003403675,NVDA,NVDA,0
2024-04-19,187.587430,227.228390,-0.0090847692,-0.0053535934,NVDA,NVDA,0
2024-04-22,185.368432,227.257129,-0.0118291396,0.0001264775,NVDA,NVDA,0
2024-04-23,182.981539,234.483223,-0.0128764801,0.0317969972,NVDA,NVDA,0
2024-04-24,181.458917,236.545271,-0.0083211756,0.0087940081,NVDA,NVDA,0
2024-04-25,179.598629,239.098690,-0.0102518434,0.0107946352,NVDA,NVDA,0
2024-04-26,178.834130,242.002879,-0.0042567071,0.0121464023,NVDA,NVDA,0
2024-04-29,177.664920,245.144255,-0.0065379586,0.0129807381,NVDA,NVDA,0
2024-04-30,177.676957,247.580971,0.0000677513,0.0099399249,NVDA,NVDA,0
2024-05-01,177.313968,249.830896,-0.0020429745,0.0090876345,NVDA,NVDA,0
2024-05-02,177.847818,243.227370,0.0030107614,-0.0264319848,NVDA,NVDA,0
2024-05-03,178.173833,236.198183,0.0018331132,-0.0288996546,NVDA,NVDA,0
2024-05-06,178.982932,229.208786,0.0045410645,-0.0295912372,NVDA,NVDA,0
2024-05-07,179.684993,222.495481,0.0039225070,-0.0292890388,NVDA,NVDA,0
2024-05-08,180.433409,217.913787,0.0041651554,-0.0205923047,NVDA,NVDA,0
2024-05-09,181.262607,214.135802,0.0045955902,-0.0173370601,NVDA,NVDA,0
2024-05-10,181.589535,210.281739,0.0018036114,-0.0179982206,NVDA,NVDA,0
2024-05-13,182.171770,205.609809,0.0032063278,-0.0222174793,NVDA,NVDA,0
2024-05-14,181.862318,201.051003,-0.0016986843,-0.0221721225,NVDA,NVDA,0
2024-05-15,181.859701,196.373798,-0.0000143875,-0.0232637742,NVDA,NVDA,0
2024-05-16,180.730809,198.701099,-0.0062074907,0.0118513833,NVDA,NVDA,0
2024-05-17,180.026914,203.172926,-0.0038947177,0.0225052956,NVDA,NVDA,0
2024-05-20,180.439101,201.179967,0.0022895880,-0.0098091756,NVDA,NVDA,0
2024-05-21,180.542383,197.445958,0.0005723951,-0.0185605390,NVDA,NVDA,0
2024-05-22,180.359792,196.967959,-0.0010113503,-0.0024209090,NVDA,NVDA,0
2024-05-23,179.782274,194.636700,-0.0032020325,-0.0118357319,NVDA,NVDA,0
2024-05-24,178.793246,192.922768,-0.0055012539,-0.0088057963,NVDA,NVDA,0
2024-05-27,177.414598,190.576002,-0.0077108505,-0.0121642771,NVDA,NVDA,0
2024-05-28,175.683294,188.272874,-0.0097585195,-0.0120850918,NVDA,NVDA,0
2024-05-29,173.722480,184.784118,-0.0111610750,-0.0185303186,NVDA,NVDA,0
2024-05-30,171.560406,178.971962,-0.0124455610,-0.0314537616,NVDA,NVDA,0
2024-05-31,169.298802,174.182231,-0.0131825513,-0.0267624643,NVDA,NVDA,0
2024-06-03,173.099167,186.089966,0.0224476740,0.0683636586,NVDA,NVDA,0
2024-06-04,176.174069,187.728482,0.0177638181,0.0088049682,NVDA,NVDA,0
2024-06-05,178.481499,196.560275,0.0130974438,0.0470455685,NVDA,NVDA,0
2024-06-06,180.120659,207.570226,0.0091839212,0.0560131007,NVDA,NVDA,0
2024-06-07,180.826142,209.927867,0.0039167271,0.0113582804,NVDA,NVDA,0
2024-06-10,181.276444,211.842821,0.0024902462,0.0091219618,NVDA,NVDA,0
2024-06-11,187.458657,213.237620,0.0341037853,0.0065841231,NVDA,NVDA,0
2024-06-12,192.571829,214.543801,0.0272762654,0.0061254712,NVDA,NVDA,0
2024-06-13,193.196082,213.796466,0.0032416646,-0.0034833674,NVDA,NVDA,0
2024-06-14,193.977223,215.591252,0.0040432574,0.0083948365,NVDA,NVDA,0
2024-06-17,193.001743,209.323539,-0.0050288423,-0.0290722057,NVDA,NVDA,0
2024-06-18,192.394247,204.764928,-0.0031476187,-0.0217778224,NVDA,NVDA,0
2024-06-19,190.597379,200.713053,-0.0093395075,-0.0197879369,NVDA,NVDA,0
2024-06-20,189.215930,198.151659,-0.0072479969,-0.0127614701,NVDA,NVDA,0
2024-06-21,186.864642,193.390156,-0.0124264771,-0.0240295913,NVDA,NVDA,0
2024-06-24,184.786051,189.392501,-0.0111235152,-0.0206714505,NVDA,NVDA,0
2024-06-25,182.332120,183.650086,-0.0132798467,-0.0303201768,NVDA,NVDA,0
2024-06-26,179.946743,179.001829,-0.0130825951,-0.0253104030,NVDA,NVDA,0
2024-06-27,177.886845,175.417461,-0.0114472649,-0.0200241985,MSFT,NVDA,0
2024-06-28,175.616980,171.645061,-0.0127601639,-0.0215052663,MSFT,MSFT,1
2024-07-01,175.044385,169.589515,-0.0032604757,-0.0119755652,MSFT,MSFT,0
2024-07-02,175.034120,167.909268,-0.0000586405,-0.0099077294,NVDA,MSFT,0
2024-07-03,173.378204,170.903727,-0.0094605358,0.0178337921,NVDA,NVDA,1
2024-07-04,172.213782,177.267908,-0.0067160768,0.0372383971,NVDA,NVDA,0
2024-07-05,170.042619,183.801682,-0.0126073702,0.0368581939,NVDA,NVDA,0
2024-07-08,168.084208,189.031301,-0.0115171800,0.0284525078,NVDA,NVDA,0
2024-07-09,165.873084,191.894810,-0.0131548582,0.0151483303,NVDA,NVDA,0
2024-07-10,163.676041,193.617029,-0.0132453249,0.0089748059,NVDA,NVDA,0
2024-07-11,161.863137,194.305060,-0.0110761746,0.0035535697,NVDA,NVDA,0
2024-07-12,159.854857,193.324452,-0.0124072681,-0.0050467439,NVDA,NVDA,0
2024-07-15,158.200219,198.933309,-0.0103508795,0.0290126613,NVDA,NVDA,0
2024-07-16,156.869262,205.701264,-0.0084131160,0.0340212266,NVDA,NVDA,0
2024-07-17,155.894667,207.916489,-0.0062127875,0.0107691372,NVDA,NVDA,0
2024-07-18,155.278330,209.930911,-0.0039535462,0.0096886085,NVDA,NVDA,0
2024-07-19,155.013847,212.645130,-0.0017032854,0.0129291080,NVDA,NVDA,0
2024-07-22,155.010967,215.360257,-0.0000185761,0.0127683473,NVDA,NVDA,0
2024-07-23,155.284035,217.186976,0.0017616018,0.0084821555,NVDA,NVDA,0
2024-07-24,155.781530,219.384128,0.0032037782,0.0101164064,NVDA,NVDA,0
2024-07-25,154.929595,213.905366,-0.0054687805,-0.0249733734,NVDA,NVDA,0
2024-07-26,153.611640,208.007307,-0.0085068015,-0.0275732168,NVDA,NVDA,0
2024-07-29,153.052556,217.056213,-0.0036395956,0.0435028243,NVDA,NVDA,0
2024-07-30,153.090684,224.905093,0.0002491167,0.0361605894,NVDA,NVDA,0
2024-07-31,153.800604,225.180225,0.0046372500,0.0012233224,NVDA,NVDA,0
2024-08-01,155.227197,238.560504,0.0092756070,0.0594203130,NVDA,NVDA,0
2024-08-02,153.254507,237.898487,-0.0127084053,-0.0027750500,NVDA,NVDA,0
2024-08-05,151.514834,237.027419,-0.0113515288,-0.0036615098,NVDA,NVDA,0
2024-08-06,150.108852,237.102209,-0.0092795036,0.0003155331,NVDA,NVDA,0
2024-08-07,149.141213,237.704583,-0.0064462478,0.0025405644,NVDA,NVDA,0
2024-08-08,154.252094,231.395075,0.0342687383,-0.0265434841,NVDA,NVDA,0
2024-08-09,154.691308,223.883225,0.0028473791,-0.0324633085,NVDA,NVDA,0
2024-08-12,152.776725,226.527424,-0.0123768005,0.0118106166,NVDA,NVDA,0
2024-08-13,150.764042,229.038488,-0.0131740175,0.0110850340,NVDA,NVDA,0
2024-08-14,149.491142,236.575879,-0.0084429950,0.0329088401,NVDA,NVDA,0
2024-08-15,147.878518,237.408062,-0.0107874168,0.0035176126,NVDA,NVDA,0
2024-08-16,146.153464,241.418613,-0.0116653490,0.0168930701,NVDA,NVDA,0
2024-08-19,144.688510,245.234408,-0.0100233971,0.0158057223,NVDA,NVDA,0
2024-08-20,142.767487,245.357070,-0.0132769519,0.0005001806,NVDA,NVDA,0
2024-08-21,140.944784,245.380351,-0.0127669356,0.0000948882,NVDA,NVDA,0
2024-08-22,143.118869,239.857104,0.0154250862,-0.0225089216,NVDA,NVDA,0
2024-08-23,144.652909,233.146441,0.0107186381,-0.0279777557,NVDA,NVDA,0
2024-08-26,144.962432,227.195448,0.0021397661,-0.0255247002,NVDA,NVDA,0
2024-08-27,145.021613,220.900720,0.0004082471,-0.0277062213,NVDA,NVDA,0
2024-08-28,145.628067,217.805864,0.0041818180,-0.0140101693,NVDA,NVDA,0
2024-08-29,146.129564,214.643853,0.0034436879,-0.0145175647,NVDA,NVDA,0
2024-08-30,145.292890,214.209445,-0.0057255637,-0.0020238546,NVDA,NVDA,0
2024-09-02,144.138201,211.972419,-0.0079473186,-0.0104431738,NVDA,NVDA,0
2024-09-03,143.900860,211.748177,-0.0016466258,-0.0010578815,NVDA,NVDA,0
2024-09-04,143.346402,210.357175,-0.0038530539,-0.0065691308,NVDA,NVDA,0
2024-09-05,141.523110,210.017368,-0.0127194792,-0.0016153809,NVDA,NVDA,0
2024-09-06,139.652940,208.070254,-0.0132145950,-0.0092712077,NVDA,NVDA,0
2024-09-09,139.937318,209.055719,0.0020363217,0.0047362152,NVDA,NVDA,0
2024-09-10,144.253897,211.821696,0.0308465161,0.0132308106,NVDA,NVDA,0
2024-09-11,147.928188,208.894677,0.0254710048,-0.0138183167,NVDA,NVDA,0
2024-09-12,150.992717,207.828966,0.0207163282,-0.0051016632,NVDA,NVDA,0
2024-09-13,151.640107,217.647003,0.0042875586,0.0472409461,NVDA,NVDA,0
2024-09-16,152.339956,229.926692,0.0046151955,0.0564202077,NVDA,NVDA,0
2024-09-17,153.006243,235.575728,0.0043736846,0.0245688540,NVDA,NVDA,0
2024-09-18,153.543338,243.205015,0.0035102784,0.0323857117,NVDA,NVDA,0
2024-09-19,153.347757,237.268225,-0.0012737822,-0.0244106409,NVDA,NVDA,0
2024-09-20,152.579564,231.334371,-0.0050094795,-0.0250090564,NVDA,NVDA,0
2024-09-23,152.217810,227.560101,-0.0023709213,-0.0163152117,NVDA,NVDA,0
2024-09-24,151.507682,223.252718,-0.0046652101,-0.0189285534,NVDA,NVDA,0
2024-09-25,150.462793,218.218525,-0.0068966086,-0.0225493009,NVDA,NVDA,0
2024-09-26,149.104875,212.282575,-0.0090249393,-0.0272018641,NVDA,NVDA,0
2024-09-27,147.484225,208.106156,-0.0108691963,-0.0196738662,NVDA,NVDA,0
2024-09-30,145.710276,204.365107,-0.0120280646,-0.0179766380,NVDA,NVDA,0
2024-10-01,143.817734,197.960692,-0.0129883875,-0.0313381029,NVDA,NVDA,0
2024-10-02,141.905537,192.042373,-0.0132959727,-0.0298964319,NVDA,NVDA,0
2024-10-03,142.344229,190.032323,0.0030914330,-0.0104667026,NVDA,NVDA,0
2024-10-04,142.942269,188.607686,0.0042013644,-0.0074968152,NVDA,NVDA,0
2024-10-07,142.941328,184.888612,-0.0000065790,-0.0197185706,NVDA,NVDA,0
2024-10-08,143.201411,181.153527,0.0018195037,-0.0202018112,NVDA,NVDA,0
2024-10-09,142.583248,175.426401,-0.0043167334,-0.0316147640,MSFT,NVDA,0
2024-10-10,142.289257,172.521186,-0.0020618949,-0.0165608795,AAPL,MSFT,1
2024-10-11,141.100983,173.567164,-0.0083511105,0.0060628970,AAPL,AAPL,1
2024-10-14,140.228154,174.495642,-0.0061858489,0.0053493867,AAPL,AAPL,0
2024-10-15,138.564534,176.173777,-0.0118636635,0.0096170597,AAPL,AAPL,0
2024-10-16,137.136055,177.682139,-0.0103091276,0.0085617851,AAPL,AAPL,0
2024-10-17,141.856431,177.681869,0.0344211160,-0.0000015165,AAPL,AAPL,0
2024-10-18,145.727287,176.930962,0.0272871397,-0.0042261301,AAPL,AAPL,0
2024-10-21,143.799801,176.664970,-0.0132266649,-0.0015033671,AAPL,AAPL,0
2024-10-22,141.998990,175.778102,-0.0125230465,-0.0050200556,AAPL,AAPL,0
2024-10-23,140.227955,176.555584,-0.0124721612,0.0044230881,AAPL,AAPL,0
2024-10-24,138.379262,176.869740,-0.0131834850,0.0017793590,NVDA,AAPL,0
2024-10-25,137.028331,181.691007,-0.0097625241,0.0272588550,NVDA,NVDA,1
2024-10-28,135.498495,194.338424,-0.0111643785,0.0696094823,NVDA,NVDA,0
2024-10-29,134.752425,202.520330,-0.0055061105,0.0421013295,NVDA,NVDA,0
2024-10-30,133.705880,215.060975,-0.0077664344,0.0619228944,NVDA,NVDA,0
2024-10-31,134.931181,210.684894,0.0091641558,-0.0203480908,NVDA,NVDA,0
2024-11-01,136.809187,207.756659,0.0139182522,-0.0138986498,NVDA,NVDA,0
2024-11-04,137.290330,204.584681,0.0035168858,-0.0152677567,NVDA,NVDA,0
2024-11-05,137.868537,200.746990,0.0042115662,-0.0187584484,NVDA,NVDA,0
2024-11-06,137.936370,199.339399,0.0004920158,-0.0070117656,NVDA,NVDA,0
2024-11-07,138.240851,196.913703,0.0022073958,-0.0121686714,NVDA,NVDA,0
2024-11-08,138.747039,196.758281,0.0036616422,-0.0007892880,NVDA,NVDA,0
2024-11-11,139.001943,195.434429,0.0018371871,-0.0067283172,NVDA,NVDA,0
2024-11-12,139.642139,196.020265,0.0046056602,0.0029976082,NVDA,NVDA,0
2024-11-13,140.261361,195.647342,0.0044343487,-0.0019024726,NVDA,NVDA,0
2024-11-14,143.249934,198.869306,0.0213071739,0.0164682238,NVDA,NVDA,0
2024-11-15,145.637012,202.581174,0.0166637288,0.0186648584,NVDA,NVDA,0
2024-11-18,143.864009,201.800815,-0.0121741238,-0.0038520773,NVDA,NVDA,0
2024-11-19,141.985408,200.355007,-0.0130581750,-0.0071645326,NVDA,NVDA,0
2024-11-20,140.669942,200.654131,-0.0092647925,0.0014929711,NVDA,NVDA,0
2024-11-21,139.155266,201.116338,-0.0107675898,0.0023035021,NVDA,NVDA,0
2024-11-22,137.511862,200.397401,-0.0118098620,-0.0035747319,NVDA,NVDA,0
2024-11-25,136.149312,199.798673,-0.0099085957,-0.0029877066,NVDA,NVDA,0
2024-11-26,134.340514,197.877735,-0.0132854025,-0.0096143650,NVDA,NVDA,0
2024-11-27,132.622452,196.554004,-0.0127888557,-0.0066896425,NVDA,NVDA,0
2024-11-28,132.973058,195.855394,0.0026436339,-0.0035542906,NVDA,NVDA,0
2024-11-29,133.111663,196.201204,0.0010423589,0.0017656406,NVDA,NVDA,0
2024-12-02,131.362516,194.754870,-0.0131404508,-0.0073716878,NVDA,NVDA,0
2024-12-03,129.739620,195.416488,-0.0123543315,0.0033971815,NVDA,NVDA,0
2024-12-04,128.271274,196.316500,-0.0113176359,0.0046056114,NVDA,NVDA,0
2024-12-05,127.043330,199.389977,-0.0095730238,0.0156557227,NVDA,NVDA,0
2024-12-06,125.831730,196.022603,-0.0095369062,-0.0168883802,NVDA,NVDA,0
2024-12-09,124.417701,194.135922,-0.0112374623,-0.0096248135,NVDA,NVDA,0
2024-12-10,122.845120,191.011072,-0.0126395205,-0.0160961956,NVDA,NVDA,0
2024-12-11,121.216785,189.882782,-0.0132551874,-0.0059069380,NVDA,NVDA,0
2024-12-12,121.811334,194.932781,0.0049048367,0.0265953498,NVDA,NVDA,0
2024-12-13,121.874726,201.705466,0.0005204151,0.0347436967,NVDA,NVDA,0
2024-12-16,122.763791,202.127107,0.0072949027,0.0020903764,NVDA,NVDA,0
2024-12-17,124.246304,202.916820,0.0120761424,0.0039070155,NVDA,NVDA,0
2024-12-18,126.327413,202.421569,0.0167498670,-0.0024406592,NVDA,NVDA,0
2024-12-19,128.925758,201.572044,0.0205683418,-0.0041968144,NVDA,NVDA,0
2024-12-20,132.186389,215.031551,0.0252907657,0.0667726881,NVDA,NVDA,0
2024-12-23,136.235317,226.962865,0.0306304409,0.0554863412,NVDA,NVDA,0
2024-12-24,136.502787,236.289502,0.0019632979,0.0410932314,NVDA,NVDA,0
2024-12-25,137.007219,244.233527,0.0036953965,0.0336198798,NVDA,NVDA,0
2024-12-26,137.603608,238.199741,0.0043529725,-0.0247049849,NVDA,NVDA,0
2024-12-27,138.238858,232.934127,0.0046165250,-0.0221058798,NVDA,NVDA,0
2024-12-30,136.547452,239.900440,-0.0122353892,0.0299067942,NVDA,NVDA,0
2024-12-31,134.768952,249.247567,-0.0130247743,0.0389625284,NVDA,NVDA,0
2025-01-01,133.664769,252.534238,-0.0081931605,0.0131863698,NVDA,NVDA,0
2025-01-02,132.247246,258.478048,-0.0106050545,0.0235366494,NVDA,NVDA,0
2025-01-03,132.065112,258.776253,-0.0013772273,0.0011536957,NVDA,NVDA,0
2025-01-06,131.397048,258.900777,-0.0050585922,0.0004812054,NVDA,NVDA,0
2025-01-07,132.255122,272.534845,0.0065303896,0.0526613637,NVDA,NVDA,0
2025-01-08,132.524114,270.771170,0.0020338853,-0.0064713752,NVDA,NVDA,0
2025-01-09,131.961799,273.256221,-0.0042431121,0.0091776797,NVDA,NVDA,0
2025-01-10,131.702365,276.101393,-0.0019659826,0.0104121016,NVDA,NVDA,0
2025-01-13,131.960596,270.464143,0.0019607200,-0.0204173181,NVDA,NVDA,0
2025-01-14,131.985438,264.446727,0.0001882518,-0.0222484778,NVDA,NVDA,0
2025-01-15,132.526550,261.930426,0.0040997867,-0.0095153435,NVDA,NVDA,0
2025-01-16,132.939745,258.029530,0.0031178233,-0.0148928692,NVDA,NVDA,0
2025-01-17,133.538062,252.492287,0.0045006693,-0.0214597277,NVDA,NVDA,0
2025-01-20,134.149709,247.414070,0.0045803129,-0.0201123639,NVDA,NVDA,0
2025-01-21,134.508481,241.149829,0.0026744149,-0.0253188543,NVDA,NVDA,0
2025-01-22,135.023988,241.140465,0.0038325268,-0.0000388332,NVDA,NVDA,0
2025-01-23,133.293666,247.322343,-0.0128149221,0.0256360050,NVDA,NVDA,0
2025-01-24,131.527652,251.601854,-0.0132490501,0.0173033768,NVDA,NVDA,0
2025-01-27,131.833573,271.686419,0.0023259095,0.0798267758,NVDA,NVDA,0
2025-01-28,136.010683,273.815172,0.0316847243,0.0078353313,NVDA,NVDA,0
2025-01-29,139.534976,277.104659,0.0259118845,0.0120135286,NVDA,NVDA,0
2025-01-30,142.500319,280.660709,0.0212516091,0.0128328769,NVDA,NVDA,0
2025-01-31,144.981867,283.933176,0.0174143295,0.0116598684,NVDA,NVDA,0
2025-02-03,146.817457,287.120277,0.0126608250,0.0112248278,NVDA,NVDA,0
2025-02-04,147.992848,296.063455,0.0080057979,0.0311478469,NVDA,NVDA,0
2025-02-05,148.492148,297.020454,0.0033738126,0.0032324117,NVDA,NVDA,0
2025-02-06,148.371561,300.491704,-0.0008120739,0.0116869070,NVDA,NVDA,0
2025-02-07,147.787340,307.740673,-0.0039375579,0.0241236879,NVDA,NVDA,0
2025-02-10,147.336882,306.422600,-0.0030480140,-0.0042830622,NVDA,NVDA,0
2025-02-11,146.618747,301.955206,-0.0048740997,-0.0145791913,NVDA,NVDA,0
2025-02-12,145.570317,299.440957,-0.0071507217,-0.0083265638,NVDA,NVDA,0
2025-02-13,144.223382,294.892005,-0.0092528161,-0.0151914819,NVDA,NVDA,0
2025-02-14,144.775047,308.092716,0.0038250755,0.0447645600,NVDA,NVDA,0
2025-02-17,145.158965,317.653445,0.0026518251,0.0310319861,NVDA,NVDA,0
2025-02-18,145.316399,319.400127,0.0010845594,0.0054987021,NVDA,NVDA,0
2025-02-19,145.191902,326.876875,-0.0008567283,0.0234087206,NVDA,NVDA,0
2025-02-20,145.665721,321.176205,0.0032633996,-0.0174398083,NVDA,NVDA,0
2025-02-21,146.286803,316.267632,0.0042637482,-0.0152831163,NVDA,NVDA,0
2025-02-24,146.222339,322.953285,-0.0004406696,0.0211392279,NVDA,NVDA,0
2025-02-25,146.429701,329.845377,0.0014181292,0.0213408316,NVDA,NVDA,0
2025-02-26,145.780045,342.277131,-0.0044366400,0.0376896408,NVDA,NVDA,0
2025-02-27,145.401883,344.627247,-0.0025940628,0.0068661224,NVDA,NVDA,0
2025-02-28,146.053154,348.922702,0.0044791142,0.0124640609,NVDA,NVDA,0
2025-03-03,146.723579,353.232726,0.0045902747,0.0123523733,NVDA,NVDA,0
2025-03-04,147.154978,357.005610,0.0029402213,0.0106810161,NVDA,NVDA,0
2025-03-05,147.743567,361.286224,0.0039997898,0.0119903271,NVDA,NVDA,0
2025-03-06,145.779115,352.677622,-0.0132963666,-0.0238276521,NVDA,NVDA,0
2025-03-07,143.895531,343.754194,-0.0129208044,-0.0253019394,NVDA,NVDA,0
2025-03-10,142.004901,358.671764,-0.0131389125,0.0433960367,NVDA,NVDA,0
2025-03-11,140.231057,370.289482,-0.0124914227,0.0323909476,NVDA,NVDA,0
2025-03-12,138.452838,367.902031,-0.0126806380,-0.0064475260,NVDA,NVDA,0
2025-03-13,136.617049,387.535100,-0.0132593075,0.0533649372,NVDA,NVDA,0
2025-03-14,135.832543,391.508173,-0.0057423740,0.0102521651,NVDA,NVDA,0
2025-03-17,135.543391,393.968388,-0.0021287378,0.0062839409,NVDA,NVDA,0
2025-03-18,134.055143,395.242496,-0.0109798678,0.0032340369,NVDA,NVDA,0
2025-03-19,132.883431,395.835359,-0.0087405169,0.0014999991,NVDA,NVDA,0
2025-03-20,134.237525,397.327635,0.0101900840,0.0037699396,NVDA,NVDA,0
2025-03-21,136.244526,394.955021,0.0149511171,-0.0059714279,NVDA,NVDA,0
2025-03-24,136.853797,390.289179,0.0044718944,-0.0118136056,NVDA,NVDA,0
2025-03-25,137.376045,386.962369,0.0038161045,-0.0085239603,NVDA,NVDA,0
2025-03-26,137.739625,386.135564,0.0026465995,-0.0021366563,NVDA,NVDA,0
2025-03-27,137.883723,386.933750,0.0010461657,0.0020671158,NVDA,NVDA,0
2025-03-28,143.339002,388.809309,0.0395643409,0.0048472342,NVDA,NVDA,0
2025-03-31,143.808778,392.040407,0.0032773781,0.0083102384,NVDA,NVDA,0
2025-04-01,144.422295,394.923631,0.0042661986,0.0073544049,NVDA,NVDA,0
2025-04-02,145.085822,398.921047,0.0045943588,0.0101219978,NVDA,NVDA,0
2025-04-03,143.742302,389.788488,-0.0092601804,-0.0228931484,NVDA,NVDA,0
2025-04-04,142.200708,380.068162,-0.0107247031,-0.0249374390,NVDA,NVDA,0
2025-04-07,143.888193,370.304048,0.0118669206,-0.0256904276,NVDA,NVDA,0
2025-04-08,145.042805,362.530382,0.0080243698,-0.0209926575,NVDA,NVDA,0
2025-04-09,145.538458,359.388993,0.0034172914,-0.0086651749,NVDA,NVDA,0
2025-04-10,145.422474,358.586874,-0.0007969303,-0.0022318973,NVDA,NVDA,0
2025-04-11,144.750984,348.342698,-0.0046175151,-0.0285681833,NVDA,NVDA,0
2025-04-14,143.619171,337.891314,-0.0078190322,-0.0300031671,NVDA,NVDA,0
2025-04-15,142.201327,330.182450,-0.0098722461,-0.0228146254,NVDA,NVDA,0
2025-04-16,140.522852,323.302552,-0.0118035134,-0.0208366564,NVDA,NVDA,0
2025-04-17,141.170088,340.657093,0.0046059102,0.0536789499,NVDA,NVDA,0
2025-04-18,141.795945,362.294976,0.0044333575,0.0635180752,NVDA,NVDA,0
2025-04-21,142.704783,362.302502,0.0064094766,0.0000207735,NVDA,NVDA,0
2025-04-22,144.290419,363.616816,0.0111113062,0.0036276686,NVDA,NVDA,0
2025-04-23,144.083365,360.285992,-0.0014349830,-0.0091602572,NVDA,NVDA,0
2025-04-24,144.474645,358.308111,0.0027156487,-0.0054897534,NVDA,NVDA,0
2025-04-25,143.280470,351.094892,-0.0082656382,-0.0201313311,NVDA,NVDA,0
2025-04-28,142.539957,353.893849,-0.0051682710,0.0079720822,NVDA,NVDA,0
2025-04-29,140.824556,352.078339,-0.0120345332,-0.0051300982,NVDA,NVDA,0
2025-04-30,139.328693,349.649626,-0.0106221706,-0.0068982167,NVDA,NVDA,0
2025-05-01,137.477120,337.698633,-0.0132892423,-0.0341799112,NVDA,NVDA,0
2025-05-02,135.685758,326.630271,-0.0130302563,-0.0327758560,NVDA,NVDA,0
2025-05-05,134.295220,321.776095,-0.0102482255,-0.0148613788,NVDA,NVDA,0
2025-05-06,133.184947,319.844303,-0.0082674026,-0.0060035280,NVDA,NVDA,0
2025-05-07,131.472595,314.676825,-0.0128569484,-0.0161562303,NVDA,NVDA,0
2025-05-08,129.921914,311.945839,-0.0117947088,-0.0086786993,NVDA,NVDA,0
2025-05-09,128.216431,300.702512,-0.0131269919,-0.0360425623,NVDA,NVDA,0
2025-05-12,126.515848,290.461796,-0.0132633766,-0.0340559712,NVDA,NVDA,0
2025-05-13,125.179703,281.993907,-0.0105610851,-0.0291531945,NVDA,NVDA,0
2025-05-14,123.648681,274.045667,-0.0122305914,-0.0281858562,NVDA,NVDA,0
2025-05-15,122.948530,270.093384,-0.0056624256,-0.0144219875,NVDA,NVDA,0
2025-05-16,121.942523,265.402821,-0.0081823449,-0.0173664472,NVDA,NVDA,0
2025-05-19,121.513441,277.815361,-0.0035187158,0.0467686805,NVDA,NVDA,0
2025-05-20,121.572280,287.650430,0.0004842162,0.0354014563,NVDA,NVDA,0
2025-05-21,122.154112,297.043652,0.0047858944,0.0326549911,NVDA,NVDA,0
2025-05-22,123.306124,303.070616,0.0094308071,0.0202898277,NVDA,NVDA,0
2025-05-23,124.948387,302.319129,0.0133185792,-0.0024795783,NVDA,NVDA,0
2025-05-26,127.198616,301.488089,0.0180092738,-0.0027488837,NVDA,NVDA,0
2025-05-27,130.088440,299.667897,0.0227189857,-0.0060373589,NVDA,NVDA,0
2025-05-28,133.671739,316.362688,0.0275451030,0.0557109753,NVDA,NVDA,0
2025-05-29,132.166560,317.856083,-0.0112602618,0.0047205169,NVDA,NVDA,0
2025-05-30,130.509105,316.255541,-0.0125406546,-0.0050354311,NVDA,NVDA,0
2025-06-02,129.194623,322.964775,-0.0100719616,0.0212145966,NVDA,NVDA,0
2025-06-03,128.098866,329.846566,-0.0084814394,0.0213081811,NVDA,NVDA,0
2025-06-04,127.286750,331.568774,-0.0063397653,0.0052212389,NVDA,NVDA,0
2025-06-05,126.773970,333.135487,-0.0040285370,0.0047251515,NVDA,NVDA,0
2025-06-06,125.105334,328.833590,-0.0131622916,-0.0129133558,NVDA,NVDA,0
2025-06-09,123.443669,323.631401,-0.0132821265,-0.0158201252,NVDA,NVDA,0
2025-06-10,121.864940,326.277175,-0.0127890681,0.0081752690,NVDA,NVDA,0
2025-06-11,120.439819,318.802683,-0.0116942662,-0.0229084127,NVDA,NVDA,0
2025-06-12,120.936438,339.584415,0.0041233818,0.0651868178,NVDA,NVDA,0
2025-06-13,121.490987,341.414694,0.0045854569,0.0053897621,NVDA,NVDA,0
2025-06-16,121.167713,331.353427,-0.0026608859,-0.0294693464,NVDA,NVDA,0
2025-06-17,120.569543,320.776687,-0.0049367115,-0.0319198124,NVDA,NVDA,0
2025-06-18,120.734274,310.711879,0.0013662690,-0.0313763702,NVDA,NVDA,0
2025-06-19,120.667903,299.638235,-0.0005497217,-0.0356395919,NVDA,NVDA,0
2025-06-20,119.367849,297.610686,-0.0107738198,-0.0067666559,NVDA,NVDA,0
2025-06-23,117.911641,295.660984,-0.0121993335,-0.0065511810,NVDA,NVDA,0
2025-06-24,117.110570,289.410885,-0.0067938217,-0.0211394106,NVDA,NVDA,0
2025-06-25,116.067308,283.214178,-0.0089083494,-0.0214114516,NVDA,NVDA,0
2025-06-26,114.565640,285.193124,-0.0129379116,0.0069874538,NVDA,NVDA,0
2025-06-27,113.212274,284.966843,-0.0118130156,-0.0007934325,NVDA,NVDA,0
2025-06-30,113.423717,287.655746,0.0018676704,0.0094358450,NVDA,NVDA,0
2025-07-01,116.886977,290.080774,0.0305338209,0.0084303128,NVDA,NVDA,0
2025-07-02,117.406447,293.802952,0.0044442114,0.0128315235,NVDA,NVDA,0
2025-07-03,117.836849,297.565566,0.0036659111,0.0128065920,NVDA,NVDA,0
2025-07-04,119.805908,297.128833,0.0167100496,-0.0014676887,NVDA,NVDA,0
2025-07-07,121.230980,295.115257,0.0118948333,-0.0067767779,NVDA,NVDA,0
2025-07-08,124.278407,296.342649,0.0251373633,0.0041590282,NVDA,NVDA,0
2025-07-09,126.928602,296.011332,0.0213246584,-0.0011180203,NVDA,NVDA,0
2025-07-10,126.786280,289.216695,-0.0011212756,-0.0229539775,AAPL,NVDA,0
2025-07-11,126.847765,284.340887,0.0004849519,-0.0168586657,AAPL,AAPL,1
2025-07-14,127.339933,280.520986,0.0038799932,-0.0134342311,NVDA,AAPL,0
2025-07-15,127.915458,279.363060,0.0045195959,-0.0041277689,NVDA,NVDA,1
2025-07-16,128.504121,281.050423,0.0046019643,0.0060400351,NVDA,NVDA,0
2025-07-17,129.043255,282.923374,0.0041954606,0.0066641106,NVDA,NVDA,0
2025-07-18,131.917054,286.319650,0.0222700451,0.0120042267,NVDA,NVDA,0
2025-07-21,135.369897,289.960119,0.0261743533,0.0127147007,NVDA,NVDA,0
2025-07-22,139.691082,293.446775,0.0319213125,0.0120246052,NVDA,NVDA,0
2025-07-23,140.025558,296.861632,0.0023943998,0.0116370571,NVDA,NVDA,0
2025-07-24,140.531365,297.016787,0.0036122422,0.0005226500,NVDA,NVDA,0
2025-07-25,141.676292,314.380088,0.0081471307,0.0584589911,NVDA,NVDA,0
2025-07-28,141.866512,327.988923,0.0013426388,0.0432878409,NVDA,NVDA,0
2025-07-29,141.481458,344.626374,-0.0027141990,0.0507256483,NVDA,NVDA,0
2025-07-30,140.596124,368.102317,-0.0062575972,0.0681199837,NVDA,NVDA,0
2025-07-31,139.385050,370.160380,-0.0086138524,0.0055910084,NVDA,NVDA,0
2025-08-01,137.862665,374.454720,-0.0109221550,0.0116012957,NVDA,NVDA,0
2025-08-04,136.146168,382.116360,-0.0124507705,0.0204607917,NVDA,NVDA,0
2025-08-05,134.349392,393.504334,-0.0131974089,0.0298023715,NVDA,NVDA,0
2025-08-06,132.574373,408.486823,-0.0132119571,0.0380745198,NVDA,NVDA,0
2025-08-07,130.886962,395.879461,-0.0127280327,-0.0308635703,NVDA,NVDA,0
2025-08-08,129.371808,385.847755,-0.0115760561,-0.0253403048,NVDA,NVDA,0
2025-08-11,129.773590,388.280860,0.0031056443,0.0063058692,NVDA,NVDA,0
2025-08-12,130.305833,389.502836,0.0041013195,0.0031471446,NVDA,NVDA,0
2025-08-13,130.896482,388.598506,0.0045327863,-0.0023217561,NVDA,NVDA,0
2025-08-14,131.493662,386.306259,0.0045622305,-0.0058987520,NVDA,NVDA,0
2025-08-15,132.019417,390.161025,0.0039983288,0.0099785207,NVDA,NVDA,0
2025-08-18,132.371962,393.353890,0.0026704062,0.0081834555,NVDA,NVDA,0
2025-08-19,136.776253,397.694363,0.0332720799,0.0110345251,NVDA,NVDA,0
2025-08-20,140.569769,400.820933,0.0277351946,0.0078617394,NVDA,NVDA,0
2025-08-21,143.798860,426.821589,0.0229714508,0.0648685099,NVDA,NVDA,0
2025-08-22,146.429266,463.466452,0.0182922596,0.0858552233,NVDA,NVDA,0
2025-08-25,147.683216,490.057434,0.0085635159,0.0573741234,NVDA,NVDA,0
2025-08-26,149.640623,511.532316,0.0132540957,0.0438211537,NVDA,NVDA,0
2025-08-27,152.338482,535.151147,0.0180289184,0.0461727062,NVDA,NVDA,0
2025-08-28,155.664361,552.904779,0.0218321695,0.0331749870,NVDA,NVDA,0
2025-08-29,154.587396,557.232766,-0.0069185112,0.0078277253,NVDA,NVDA,0
2025-09-01,154.049185,555.286960,-0.0034815930,-0.0034919099,NVDA,NVDA,0
2025-09-02,154.111394,553.087838,0.0004038252,-0.0039603336,NVDA,NVDA,0
2025-09-03,154.716952,545.255411,0.0039293538,-0.0141612707,NVDA,NVDA,0
2025-09-04,152.665123,530.013078,-0.0132618252,-0.0279544831,NVDA,NVDA,0
2025-09-05,150.731267,513.203894,-0.0126673080,-0.0317146597,NVDA,NVDA,0
2025-09-08,151.427227,512.668544,0.0046172257,-0.0010431517,NVDA,NVDA,0
2025-09-09,152.083977,510.713396,0.0043370657,-0.0038136684,NVDA,NVDA,0
2025-09-10,152.618500,509.319179,0.0035146549,-0.0027299408,NVDA,NVDA,0
2025-09-11,153.279677,507.887262,0.0043322210,-0.0028114335,NVDA,NVDA,0
2025-09-12,153.411485,503.955568,0.0008599176,-0.0077412743,NVDA,NVDA,0
2025-09-15,153.792486,502.246381,0.0024835270,-0.0033915426,NVDA,NVDA,0
2025-09-16,153.280388,523.583026,-0.0033298009,0.0424824277,NVDA,NVDA,0
2025-09-17,153.107171,551.781003,-0.0011300692,0.0538557885,NVDA,NVDA,0
2025-09-18,154.935676,538.357813,0.0119426497,-0.0243270248,NVDA,NVDA,0
2025-09-19,156.045852,525.536239,0.0071654006,-0.0238160823,NVDA,NVDA,0
2025-09-22,154.654409,515.001059,-0.0089168858,-0.0200465334,NVDA,NVDA,0
2025-09-23,152.988618,503.162850,-0.0107710537,-0.0229867664,NVDA,NVDA,0
2025-09-24,152.297885,490.171238,-0.0045149300,-0.0258198949,NVDA,NVDA,0
2025-09-25,151.267745,475.141332,-0.0067639808,-0.0306625633,NVDA,NVDA,0
2025-09-26,151.190578,477.496592,-0.0005101341,0.0049569683,NVDA,NVDA,0
2025-09-29,150.852007,475.687890,-0.0022393671,-0.0037878858,NVDA,NVDA,0
2025-09-30,151.288823,479.959878,0.0028956564,0.0089806544,NVDA,NVDA,0
2025-10-01,151.492900,478.858434,0.0013489249,-0.0022948668,NVDA,NVDA,0
2025-10-02,150.307453,480.871389,-0.0078250994,0.0042036537,NVDA,NVDA,0
2025-10-03,149.612288,484.253171,-0.0046249567,0.0070326115,NVDA,NVDA,0
2025-10-06,148.767218,476.733251,-0.0056483959,-0.0155289018,NVDA,NVDA,0
2025-10-07,147.480348,473.280303,-0.0086502253,-0.0072429344,NVDA,NVDA,0
2025-10-08,145.872342,474.847480,-0.0109031905,0.0033113073,NVDA,NVDA,0
2025-10-09,144.055825,479.465931,-0.0124527864,0.0097261789,NVDA,NVDA,0
2025-10-10,145.559226,490.708791,0.0104362401,0.0234487151,NVDA,NVDA,0
2025-10-13,146.396911,506.013291,0.0057549460,0.0311885585,NVDA,NVDA,0
2025-10-14,146.584905,529.392410,0.0012841365,0.0462025777,NVDA,NVDA,0
2025-10-15,146.185936,558.224203,-0.0027217575,0.0544620455,NVDA,NVDA,0
2025-10-16,150.359883,606.354875,0.0285523129,0.0862210412,NVDA,NVDA,0
2025-10-17,153.908725,615.148328,0.0236023204,0.0145021561,NVDA,NVDA,0
2025-10-20,153.338637,602.610944,-0.0037040654,-0.0203810750,NVDA,NVDA,0
2025-10-21,152.481498,593.298758,-0.0055898458,-0.0154530640,NVDA,NVDA,0
2025-10-22,151.294887,583.410121,-0.0077819982,-0.0166672146,NVDA,NVDA,0
2025-10-23,149.810770,577.403685,-0.0098094316,-0.0102953917,NVDA,NVDA,0
2025-10-24,148.088952,559.308170,-0.0114932897,-0.0313394528,NVDA,NVDA,0
2025-10-27,146.213185,542.433546,-0.0126664833,-0.0301705299,NVDA,NVDA,0
2025-10-28,144.283851,523.321806,-0.0131953506,-0.0352333300,NVDA,NVDA,0
2025-10-29,142.376644,506.625308,-0.0132184358,-0.0319048381,NVDA,NVDA,0
2025-10-30,140.594774,514.661566,-0.0125151838,0.0158623311,NVDA,NVDA,0
2025-10-31,139.046897,517.145139,-0.0110094946,0.0048256427,NVDA,NVDA,0
